doc_path,authority,status,notes
docs/API_REFERENCE.md,CANDIDATE,present,
docs/ARCHITECTURE.md,CANDIDATE,present,
docs/DEVELOPER_GUIDE.md,CANDIDATE,present,
docs/KNOWN_LIMITATIONS.md,CANDIDATE,present,
docs/README-DOCS.md,CANDIDATE,present,
docs/RELEASE_STATUS.md,CANDIDATE,present,
docs/TROUBLESHOOTING.md,CANDIDATE,present,
docs/algorithms/CALIBRATION_ALGORITHMS.md,AUTHORITATIVE,present,
docs/algorithms/DRIZZLE_GEOMETRY.md,AUTHORITATIVE,present,
docs/algorithms/GAIA_QUERY.md,AUTHORITATIVE,present,
docs/algorithms/HEALPIX_MAPPING.md,AUTHORITATIVE,present,
docs/algorithms/INTEGRATION_ALGORITHMS.md,AUTHORITATIVE,present,
docs/algorithms/NOISE_ESTIMATION.md,AUTHORITATIVE,present,
docs/algorithms/PHASE2_SAMPLER.md,AUTHORITATIVE,present,
docs/algorithms/PHOTOMETRIC_FIT.md,AUTHORITATIVE,present,
docs/algorithms/PLATESOLVE.md,AUTHORITATIVE,present,
docs/algorithms/REJECTION_ALGORITHMS.md,AUTHORITATIVE,present,
docs/algorithms/STAR_PSF_ALGORITHMS.md,AUTHORITATIVE,present,
docs/algorithms/UPM_SOLVER.md,AUTHORITATIVE,present,
docs/architecture/ARCHITECTURE.md,AUTHORITATIVE,present,
docs/architecture/CACHE_POLICY.md,AUTHORITATIVE,present,
docs/architecture/COMPATIBILITY_POLICY.md,AUTHORITATIVE,present,
docs/architecture/DATA_FLOW.md,AUTHORITATIVE,present,
docs/architecture/DEPENDENCY_RULES.md,AUTHORITATIVE,present,
docs/architecture/ERROR_MODEL.md,AUTHORITATIVE,present,
docs/architecture/IO_AND_ATOMICITY.md,AUTHORITATIVE,present,
docs/architecture/MODULE_MAP.md,AUTHORITATIVE,present,
docs/architecture/OWNERSHIP_AND_LIFETIME.md,AUTHORITATIVE,present,
docs/architecture/PERFORMANCE_MODEL.md,AUTHORITATIVE,present,
docs/architecture/PIPELINE.md,AUTHORITATIVE,present,
docs/architecture/THREADING_MODEL.md,AUTHORITATIVE,present,
docs/backlog/NEXT_STAGE.md,CANDIDATE,present,
docs/browser/HIPS_BROWSER.md,AUTHORITATIVE,present,
docs/contracts/DATA_SEMANTICS.md,AUTHORITATIVE,present,
docs/contracts/PUBLIC_API.md,AUTHORITATIVE,present,
docs/development/CODE_STYLE.md,AUTHORITATIVE,present,
docs/development/CONFIG_SCHEMA.md,AUTHORITATIVE,present,
docs/development/TESTING.md,AUTHORITATIVE,present,
docs/diagnostics/TROUBLESHOOTING.md,CANDIDATE,present,
docs/history/README.md,HISTORICAL,present,
docs/history/v19/ARCHITECTURE.md,HISTORICAL,present,
docs/history/v19/BUILD_RELEASE.md,HISTORICAL,present,
docs/history/v19/CONFIG_REFERENCE.md,HISTORICAL,present,
docs/history/v19/DATA_CONTRACTS.md,HISTORICAL,present,
docs/history/v19/DIAGNOSTICS.md,HISTORICAL,present,
docs/history/v19/DRIZZLE.md,HISTORICAL,present,
docs/history/v19/ERROR_TAXONOMY.md,HISTORICAL,present,
docs/history/v19/MODULE_INDEX.md,HISTORICAL,present,
docs/history/v19/PERFORMANCE.md,HISTORICAL,present,
docs/history/v19/PHASE2.md,HISTORICAL,present,
docs/history/v19/README.md,HISTORICAL,present,
docs/history/v19/SCIENTIFIC_ALGORITHMS.md,HISTORICAL,present,
docs/history/v19/SNR_NOISE_MODEL.md,HISTORICAL,present,
docs/history/v19/TESTING_AND_ACCEPTANCE.md,HISTORICAL,present,
docs/modules/acr.md,AUTHORITATIVE,present,
docs/modules/astro_image_io.md,AUTHORITATIVE,present,
docs/modules/calibration.md,AUTHORITATIVE,present,
docs/modules/common.md,AUTHORITATIVE,present,
docs/modules/dynamic_psf.md,AUTHORITATIVE,present,
docs/modules/gaia_xpsd_client.md,AUTHORITATIVE,present,
docs/modules/healpix_browser_qt.md,AUTHORITATIVE,present,
docs/modules/healpix_drizzle.md,AUTHORITATIVE,present,
docs/modules/orchestrator.md,AUTHORITATIVE,present,
docs/modules/phase2.md,AUTHORITATIVE,present,
docs/modules/photometric_calib.md,AUTHORITATIVE,present,
docs/modules/plate_solve.md,AUTHORITATIVE,present,
docs/modules/snr_estimator.md,AUTHORITATIVE,present,
docs/modules/star_detector.md,AUTHORITATIVE,present,
docs/performance/BASELINE.md,AUTHORITATIVE,present,
docs/performance/OPTIMIZATION.md,AUTHORITATIVE,present,
docs/science/ASTROMETRY.md,AUTHORITATIVE,present,
docs/science/CALIBRATION.md,AUTHORITATIVE,present,
docs/science/DRIZZLE.md,AUTHORITATIVE,present,
docs/science/INTEGRATION.md,AUTHORITATIVE,present,
docs/science/NOISE_MODEL.md,AUTHORITATIVE,present,
docs/science/PHASE2_UPM.md,AUTHORITATIVE,present,
docs/science/PHOTOMETRY.md,AUTHORITATIVE,present,
docs/science/PSF.md,AUTHORITATIVE,present,
docs/science/REJECTION.md,AUTHORITATIVE,present,
docs/science/SCIENCE_SCOPE.md,AUTHORITATIVE,present,
docs/science/UNCERTAINTY_AND_COVARIANCE.md,AUTHORITATIVE,present,
docs/standards/API_STANDARD.md,AUTHORITATIVE,present,
docs/standards/BENCHMARK_STANDARD.md,AUTHORITATIVE,present,
docs/standards/CODE_STANDARD.md,AUTHORITATIVE,present,
docs/standards/COMMENT_STANDARD.md,AUTHORITATIVE,present,
docs/standards/CONCURRENCY_STANDARD.md,AUTHORITATIVE,present,
docs/standards/C_ABI_STANDARD.md,AUTHORITATIVE,present,
docs/standards/DOCUMENTATION_STANDARD.md,AUTHORITATIVE,present,
docs/standards/ERROR_HANDLING_STANDARD.md,AUTHORITATIVE,present,
docs/standards/IO_STANDARD.md,AUTHORITATIVE,present,
docs/standards/LOGGING_DIAGNOSTICS_STANDARD.md,AUTHORITATIVE,present,
docs/standards/NUMERIC_STANDARD.md,AUTHORITATIVE,present,
docs/standards/RELEASE_STANDARD.md,AUTHORITATIVE,present,
docs/standards/TEST_STANDARD.md,AUTHORITATIVE,present,
docs/validation/SCIENCE_FREEZE.md,AUTHORITATIVE,present,
