dq_id,dataset,candidate,original_bytes,compressed_bytes,compression_ratio,compress_ms,decompress_ms,compress_mbs,decompress_mbs,cpu_ms,peak_rss_kb,repeats,verified,extra_value1,extra_value2,extra_note
DQ-001,large_full,RAW,262144,262144,1.0000,0.056,0.008,4492.36,31055.90,0.000,6896,10,true,0.0000,0.0000,""
DQ-001,large_full,LZ4,262144,263173,0.9961,0.063,0.009,3958.83,27777.78,0.000,6928,10,true,0.0000,0.0000,""
DQ-001,large_full,byte-shuffle+LZ4,262144,200787,1.3056,0.104,0.016,2415.46,16077.17,0.000,7444,10,true,0.0000,0.0000,""
DQ-001,large_full,ZSTD,262144,231570,1.1320,0.439,0.222,568.96,1123.85,1.000,7604,10,true,0.0000,0.0000,""
DQ-001,large_full,byte-shuffle+ZSTD,262144,195616,1.3401,0.455,0.087,549.81,2868.62,1.000,8216,10,true,0.0000,0.0000,""
DQ-001,center_80,RAW,209712,209712,1.0000,0.065,0.005,3069.79,40815.70,0.000,8216,10,true,0.0000,0.0000,""
DQ-001,center_80,LZ4,209712,210536,0.9961,0.068,0.005,2958.53,38460.95,0.000,8216,10,true,0.0000,0.0000,""
DQ-001,center_80,byte-shuffle+LZ4,209712,160715,1.3049,0.070,0.012,2857.10,16666.41,0.000,8216,10,true,0.0000,0.0000,""
DQ-001,center_80,ZSTD,209712,187409,1.1190,0.394,0.222,507.03,899.47,1.000,8216,10,true,0.0000,0.0000,""
DQ-001,center_80,byte-shuffle+ZSTD,209712,158614,1.3222,0.321,0.089,622.56,2253.49,0.500,8216,10,true,0.0000,0.0000,""
DQ-001,edge_30,RAW,78640,78640,1.0000,0.029,0.001,2572.79,57689.96,0.000,8216,10,true,0.0000,0.0000,""
DQ-001,edge_30,LZ4,78640,78950,0.9961,0.038,0.002,1960.70,37498.47,0.000,8216,10,true,0.0000,0.0000,""
DQ-001,edge_30,byte-shuffle+LZ4,78640,60351,1.3030,0.024,0.003,3124.87,24192.56,0.000,8216,10,true,0.0000,0.0000,""
DQ-001,edge_30,ZSTD,78640,71465,1.1004,0.200,0.080,375.08,932.22,0.000,8216,10,true,0.0000,0.0000,""
DQ-001,edge_30,byte-shuffle+ZSTD,78640,60165,1.3071,0.194,0.027,386.98,2808.87,0.000,8216,10,true,0.0000,0.0000,""
DQ-001,sparse_5,RAW,13104,13104,1.0000,0.001,0.000,20828.25,41656.49,0.000,8216,10,true,0.0000,0.0000,""
DQ-001,sparse_5,LZ4,13104,13157,0.9960,0.002,0.000,5680.43,41656.49,0.000,8216,10,true,0.0000,0.0000,""
DQ-001,sparse_5,byte-shuffle+LZ4,13104,10126,1.2941,0.003,0.001,4806.52,22721.72,0.000,8216,10,true,0.0000,0.0000,""
DQ-001,sparse_5,ZSTD,13104,11930,1.0984,0.090,0.021,139.32,600.81,0.000,8216,10,true,0.0000,0.0000,""
DQ-001,sparse_5,byte-shuffle+ZSTD,13104,10081,1.2999,0.087,0.009,143.97,1453.13,0.000,8216,10,true,0.0000,0.0000,""
DQ-002,large_full,RAW,65536,65536,1.0000,0.023,0.001,2735.23,56818.18,0.000,8216,10,true,0.0000,0.0000,""
DQ-002,large_full,LZ4,65536,65794,0.9961,0.014,0.001,4310.34,46296.30,0.000,8216,10,true,0.0000,0.0000,""
DQ-002,large_full,ZSTD,65536,57406,1.1416,0.190,0.060,328.17,1034.77,0.000,8216,10,true,0.0000,0.0000,""
DQ-002,center_80,RAW,52428,52428,1.0000,0.009,0.001,5813.86,58822.63,0.000,8216,10,true,0.0000,0.0000,""
DQ-002,center_80,LZ4,52428,52635,0.9961,0.012,0.001,4310.28,45453.85,0.000,8216,10,true,0.0000,0.0000,""
DQ-002,center_80,ZSTD,52428,45934,1.1414,0.156,0.052,321.13,967.10,0.000,8216,10,true,0.0000,0.0000,""
DQ-002,edge_30,RAW,19660,19660,1.0000,0.001,0.000,31248.73,62497.46,0.000,8216,10,true,0.0000,0.0000,""
DQ-002,edge_30,LZ4,19660,19739,0.9960,0.002,0.000,8522.38,46873.09,0.000,8216,10,true,0.0000,0.0000,""
DQ-002,edge_30,ZSTD,19660,17262,1.1389,0.134,0.030,140.08,619.81,0.000,8216,10,true,0.0000,0.0000,""
DQ-002,sparse_5,RAW,3276,3276,1.0000,0.000,0.000,15621.19,31242.37,0.000,8216,10,true,0.0000,0.0000,""
DQ-002,sparse_5,LZ4,3276,3290,0.9957,0.001,0.000,3471.37,31242.37,0.000,8216,10,true,0.0000,0.0000,""
DQ-002,sparse_5,ZSTD,3276,2935,1.1162,0.033,0.006,95.69,508.01,0.000,8216,10,true,0.0000,0.0000,""
DQ-003,large_full,RAW(bit-packed),8192,8192,1.0000,0.000,0.000,22321.43,78125.00,0.000,8216,10,true,0.0000,0.0000,""
DQ-003,large_full,LZ4,8192,43,190.5116,0.001,0.001,7102.27,15625.00,0.000,8216,10,true,0.0000,0.0000,""
DQ-003,large_full,ZSTD,8192,19,431.1579,0.044,0.004,177.15,1795.98,0.000,8216,10,true,0.0000,0.0000,""
DQ-003,large_full,RLE,8192,66,124.1212,0.000,0.000,78125.00,156250.00,0.000,8216,10,true,0.0000,0.0000,""
DQ-003,large_full,RLE+LZ4,8192,11,744.7273,0.000,0.000,26041.67,78125.00,0.000,8216,10,true,0.0000,0.0000,""
DQ-003,center_80,RAW(bit-packed),8192,8192,1.0000,0.000,0.000,26041.67,52083.33,0.000,8216,10,true,0.0000,0.0000,""
DQ-003,center_80,LZ4,8192,8222,0.9964,0.004,0.000,2170.14,39062.50,0.000,8216,10,true,0.0000,0.0000,""
DQ-003,center_80,ZSTD,8192,6116,1.3394,0.034,0.009,227.44,868.06,0.000,8216,10,true,0.0000,0.0000,""
DQ-003,center_80,RLE,8192,15712,0.5214,0.001,0.000,15625.00,26041.67,0.000,8216,10,true,0.0000,0.0000,""
DQ-003,center_80,RLE+LZ4,8192,12099,0.6771,0.026,0.007,303.99,1085.07,0.000,8216,10,true,0.0000,0.0000,""
DQ-003,edge_30,RAW(bit-packed),8192,8192,1.0000,0.000,0.000,17361.11,39062.50,0.000,8216,10,true,0.0000,0.0000,""
DQ-003,edge_30,LZ4,8192,8226,0.9959,0.002,0.000,4340.28,26041.67,0.000,8216,10,true,0.0000,0.0000,""
DQ-003,edge_30,ZSTD,8192,7354,1.1140,0.021,0.009,366.78,908.43,0.000,8216,10,true,0.0000,0.0000,""
DQ-003,edge_30,RLE,8192,16164,0.5068,0.001,0.000,13020.83,26041.67,0.000,8216,10,true,0.0000,0.0000,""
DQ-003,edge_30,RLE+LZ4,8192,13979,0.5860,0.019,0.003,413.36,2332.09,0.000,8216,10,true,0.0000,0.0000,""
DQ-003,sparse_5,RAW(bit-packed),8192,8192,1.0000,0.001,0.000,15625.00,39062.50,0.000,8216,10,true,0.0000,0.0000,""
DQ-003,sparse_5,LZ4,8192,5515,1.4854,0.011,0.004,710.23,2170.14,0.000,8216,10,true,0.0000,0.0000,""
DQ-003,sparse_5,ZSTD,8192,3220,2.5441,0.069,0.022,113.14,356.74,0.000,8216,10,true,0.0000,0.0000,""
DQ-003,sparse_5,RLE,8192,9000,0.9102,0.000,0.000,19531.25,39062.50,0.000,8216,10,true,0.0000,0.0000,""
DQ-003,sparse_5,RLE+LZ4,8192,6340,1.2921,0.013,0.004,600.96,1816.86,0.000,8216,10,true,0.0000,0.0000,""
DQ-004,large_full,uint32-raw+RAW,262144,262144,1.0000,0.068,0.005,3698.22,50505.05,0.000,8216,10,true,0.0000,0.0000,""
DQ-004,large_full,uint32-raw+LZ4,262144,263157,0.9962,0.077,0.006,3255.21,43103.45,0.000,8216,10,true,0.0000,0.0000,""
DQ-004,large_full,uint32-raw+ZSTD,262144,161418,1.6240,0.616,0.166,405.88,1503.31,1.000,8216,10,true,0.0000,0.0000,""
DQ-004,large_full,delta+LZ4,262144,1042,251.5777,0.071,0.014,3523.61,18181.82,0.000,8216,10,true,0.0000,0.0000,""
DQ-004,large_full,delta+ZSTD,262144,37,7084.9730,0.206,0.019,1210.95,12820.51,0.000,8216,10,true,0.0000,0.0000,""
DQ-004,large_full,delta+varint+RAW,262144,65536,4.0000,0.012,0.001,20576.13,227272.73,0.000,8216,10,true,0.0000,0.0000,""
DQ-004,large_full,delta+varint+LZ4,262144,268,978.1493,0.020,0.004,12254.90,58139.53,0.000,8216,10,true,0.0000,0.0000,""
DQ-004,large_full,delta+varint+ZSTD,262144,20,13107.2000,0.149,0.006,1683.50,38759.69,0.000,8216,10,true,0.0000,0.0000,""
DQ-004,center_80,uint32-raw+RAW,209712,209712,1.0000,0.057,0.004,3487.31,51281.27,0.000,8216,10,true,0.0000,0.0000,""
DQ-004,center_80,uint32-raw+LZ4,209712,210516,0.9962,0.074,0.004,2715.51,45453.85,0.000,8216,10,true,0.0000,0.0000,""
DQ-004,center_80,uint32-raw+ZSTD,209712,128919,1.6267,0.390,0.128,513.27,1565.53,1.000,8216,10,true,0.0000,0.0000,""
DQ-004,center_80,delta+LZ4,209712,42708,4.9104,0.202,0.052,991.31,3849.80,0.000,8216,10,true,0.0000,0.0000,""
DQ-004,center_80,delta+ZSTD,209712,14612,14.3520,0.560,0.172,357.17,1164.80,1.000,8216,10,true,0.0000,0.0000,""
DQ-004,center_80,delta+varint+RAW,209712,52428,4.0000,0.002,0.001,133331.30,249996.19,0.000,8216,10,true,0.0000,0.0000,""
DQ-004,center_80,delta+varint+LZ4,209712,25219,8.3156,0.067,0.033,2989.49,5987.93,0.000,8216,10,true,0.0000,0.0000,""
DQ-004,center_80,delta+varint+ZSTD,209712,10256,20.4477,0.153,0.061,1305.46,3294.84,0.000,8216,10,true,0.0000,0.0000,""
DQ-004,edge_30,uint32-raw+RAW,78640,78640,1.0000,0.002,0.001,34882.30,57689.96,0.000,8216,10,true,0.0000,0.0000,""
DQ-004,edge_30,uint32-raw+LZ4,78640,78950,0.9961,0.017,0.002,4347.65,45452.70,0.000,8216,10,true,0.0000,0.0000,""
DQ-004,edge_30,uint32-raw+ZSTD,78640,49027,1.6040,0.211,0.041,355.77,1824.74,0.000,8216,10,true,0.0000,0.0000,""
DQ-004,edge_30,delta+LZ4,78640,27031,2.9093,0.073,0.017,1021.06,4373.00,0.000,8216,10,true,0.0000,0.0000,""
DQ-004,edge_30,delta+ZSTD,78640,14194,5.5404,0.333,0.093,225.45,806.42,0.000,8216,10,true,0.0000,0.0000,""
DQ-004,edge_30,delta+varint+RAW,78640,19660,4.0000,0.001,0.000,124994.91,249989.83,0.000,8216,10,true,0.0000,0.0000,""
DQ-004,edge_30,delta+varint+LZ4,78640,15051,5.2249,0.028,0.009,2697.73,8823.17,0.000,8216,10,true,0.0000,0.0000,""
DQ-004,edge_30,delta+varint+ZSTD,78640,8445,9.3120,0.126,0.025,597.11,2981.99,0.000,8216,10,true,0.0000,0.0000,""
DQ-004,sparse_5,uint32-raw+RAW,13104,13104,1.0000,0.000,0.000,31242.37,62484.74,0.000,8216,10,true,0.0000,0.0000,""
DQ-004,sparse_5,uint32-raw+LZ4,13104,13157,0.9960,0.002,0.000,6942.75,41656.49,0.000,8216,10,true,0.0000,0.0000,""
DQ-004,sparse_5,uint32-raw+ZSTD,13104,8206,1.5969,0.037,0.021,339.13,606.65,0.000,8216,10,true,0.0000,0.0000,""
DQ-004,sparse_5,delta+LZ4,13104,9425,1.3903,0.021,0.006,586.71,1983.64,0.000,8216,10,true,0.0000,0.0000,""
DQ-004,sparse_5,delta+ZSTD,13104,4021,3.2589,0.047,0.018,268.17,688.54,0.000,8216,10,true,0.0000,0.0000,""
DQ-004,sparse_5,delta+varint+RAW,13104,3282,3.9927,0.000,0.000,62484.74,124969.48,0.000,8216,10,true,0.0000,0.0000,""
DQ-004,sparse_5,delta+varint+LZ4,13104,3296,3.9757,0.001,0.000,13885.50,124969.48,0.000,8216,10,true,0.0000,0.0000,""
DQ-004,sparse_5,delta+varint+ZSTD,13104,2430,5.3926,0.008,0.004,1542.83,2777.10,0.000,8216,10,true,0.0000,0.0000,""
DQ-005,large_full,BITMAP,327680,335872,0.9756,0.063,0.034,0.00,0.00,0.000,8216,10,true,335872.0000,0.0000,"bitmap_volume_bytes=335872"
DQ-005,large_full,SPARSE_LIST,327680,589824,0.5556,0.005,0.018,0.00,0.00,0.000,8216,10,true,589824.0000,0.0000,"sparse_volume_bytes=589824"
DQ-005,large_full,FULL,327680,327680,1.0000,0.000,0.000,0.00,0.00,0.000,8216,0,true,327680.0000,0.0000,"full_volume_bytes=327680"
DQ-005,center_80,BITMAP,327680,270332,1.2121,0.050,0.092,0.00,0.00,0.000,8216,10,true,270332.0000,0.0000,"bitmap_volume_bytes=270332"
DQ-005,center_80,SPARSE_LIST,327680,471852,0.6945,0.003,0.015,0.00,0.00,0.000,8216,10,true,471852.0000,0.0000,"sparse_volume_bytes=471852"
DQ-005,center_80,FULL,327680,327680,1.0000,0.000,0.000,0.00,0.00,0.000,8216,0,true,327680.0000,0.0000,"full_volume_bytes=327680"
DQ-005,edge_30,BITMAP,327680,106492,3.0770,0.015,0.118,0.00,0.00,0.000,8216,10,true,106492.0000,0.0000,"bitmap_volume_bytes=106492"
DQ-005,edge_30,SPARSE_LIST,327680,176940,1.8519,0.001,0.005,0.00,0.00,0.000,8216,10,true,176940.0000,0.0000,"sparse_volume_bytes=176940"
DQ-005,edge_30,FULL,327680,327680,1.0000,0.000,0.000,0.00,0.00,0.000,8216,0,true,327680.0000,0.0000,"full_volume_bytes=327680"
DQ-005,sparse_5,BITMAP,327680,24572,13.3355,0.002,0.036,0.00,0.00,0.000,8216,10,true,24572.0000,0.0000,"bitmap_volume_bytes=24572"
DQ-005,sparse_5,SPARSE_LIST,327680,29484,11.1138,0.000,0.001,0.00,0.00,0.000,8216,10,true,29484.0000,0.0000,"sparse_volume_bytes=29484"
DQ-005,sparse_5,FULL,327680,327680,1.0000,0.000,0.000,0.00,0.00,0.000,8216,0,true,327680.0000,0.0000,"full_volume_bytes=327680"
DQ-006,large_full,CRC32C,262144,4,0.0000,0.516,0.000,484.36,0.00,0.500,8216,10,true,484.3553,0.0000,"throughput_MB/s=484.355323"
DQ-006,large_full,xxHash32,262144,4,0.0000,0.030,0.000,8223.68,0.00,0.000,8216,10,true,8223.6842,0.0000,"throughput_MB/s=8223.684211"
DQ-006,large_full,RAW(no-checksum),262144,0,0.0000,0.000,0.000,0.00,0.00,0.000,8216,0,true,0.0000,0.0000,"基线: 无校验, 不作为推荐"
DQ-006,center_80,CRC32C,209712,4,0.0000,0.390,0.000,512.55,0.00,0.000,8216,10,true,512.5498,0.0000,"throughput_MB/s=512.549842"
DQ-006,center_80,xxHash32,209712,4,0.0000,0.024,0.000,8179.83,0.00,0.000,8216,10,true,8179.8343,0.0000,"throughput_MB/s=8179.834284"
DQ-006,center_80,RAW(no-checksum),209712,0,0.0000,0.000,0.000,0.00,0.00,0.000,8216,0,true,0.0000,0.0000,"基线: 无校验, 不作为推荐"
DQ-006,edge_30,CRC32C,78640,4,0.0000,0.145,0.000,515.44,0.00,0.000,8216,10,true,515.4429,0.0000,"throughput_MB/s=515.442943"
DQ-006,edge_30,xxHash32,78640,4,0.0000,0.009,0.000,8241.42,0.00,0.000,8216,10,true,8241.4229,0.0000,"throughput_MB/s=8241.422884"
DQ-006,edge_30,RAW(no-checksum),78640,0,0.0000,0.000,0.000,0.00,0.00,0.000,8216,0,true,0.0000,0.0000,"基线: 无校验, 不作为推荐"
DQ-006,sparse_5,CRC32C,13104,4,0.0000,0.024,0.000,514.28,0.00,0.000,8216,10,true,514.2777,0.0000,"throughput_MB/s=514.277705"
DQ-006,sparse_5,xxHash32,13104,4,0.0000,0.002,0.000,8062.55,0.00,0.000,8216,10,true,8062.5473,0.0000,"throughput_MB/s=8062.547253"
DQ-006,sparse_5,RAW(no-checksum),13104,0,0.0000,0.000,0.000,0.00,0.00,0.000,8216,0,true,0.0000,0.0000,"基线: 无校验, 不作为推荐"
DQ-007,large_full,align-8B,860160,860160,1.0000,0.000,0.000,0.00,0.00,0.000,8216,10,true,0.0000,0.0000,"padding_bytes=0 waste_pct=0.000000 random_read_ms=0.000002"
DQ-007,large_full,align-64B,860160,860160,1.0000,0.000,0.000,0.00,0.00,0.000,8216,10,true,0.0000,0.0000,"padding_bytes=0 waste_pct=0.000000 random_read_ms=0.000002"
DQ-007,large_full,align-4KiB,860160,860160,1.0000,0.000,0.000,0.00,0.00,0.000,8216,10,true,0.0000,0.0000,"padding_bytes=0 waste_pct=0.000000 random_read_ms=0.000002"
DQ-007,center_80,align-8B,689756,689760,1.0000,0.000,0.000,0.00,0.00,0.000,8216,10,true,4.0000,0.0006,"padding_bytes=4 waste_pct=0.000580 random_read_ms=0.000002"
DQ-007,center_80,align-64B,689756,689856,1.0001,0.000,0.000,0.00,0.00,0.000,8216,10,true,100.0000,0.0145,"padding_bytes=100 waste_pct=0.014498 random_read_ms=0.000002"
DQ-007,center_80,align-4KiB,689756,696320,1.0095,0.000,0.000,0.00,0.00,0.000,8216,10,true,6564.0000,0.9516,"padding_bytes=6564 waste_pct=0.951641 random_read_ms=0.000002"
DQ-007,edge_30,align-8B,263772,263776,1.0000,0.000,0.000,0.00,0.00,0.000,8216,10,true,4.0000,0.0015,"padding_bytes=4 waste_pct=0.001516 random_read_ms=0.000002"
DQ-007,edge_30,align-64B,263772,263872,1.0004,0.000,0.000,0.00,0.00,0.000,8216,10,true,100.0000,0.0379,"padding_bytes=100 waste_pct=0.037912 random_read_ms=0.000002"
DQ-007,edge_30,align-4KiB,263772,270336,1.0249,0.000,0.000,0.00,0.00,0.000,8216,10,true,6564.0000,2.4885,"padding_bytes=6564 waste_pct=2.488513 random_read_ms=0.000002"
DQ-007,sparse_5,align-8B,50780,50784,1.0001,0.000,0.000,0.00,0.00,0.000,8216,10,true,4.0000,0.0079,"padding_bytes=4 waste_pct=0.007877 random_read_ms=0.000002"
DQ-007,sparse_5,align-64B,50780,50880,1.0020,0.000,0.000,0.00,0.00,0.000,8216,10,true,100.0000,0.1969,"padding_bytes=100 waste_pct=0.196928 random_read_ms=0.000002"
DQ-007,sparse_5,align-4KiB,50780,57344,1.1293,0.000,0.000,0.00,0.00,0.000,8216,10,true,6564.0000,12.9263,"padding_bytes=6564 waste_pct=12.926349 random_read_ms=0.000002"
