path,module,status,rc,elapsed_sec,findings,errors
lib/acr/api/event.cpp,acr,PASS,0,1.03,0,
lib/acr/api/kernel_registry.cpp,acr,PASS,0,1.36,0,
lib/acr/backends/classic/classic_kernels.cpp,acr,PASS,0,3.31,0,
lib/acr/backends/classic/classic_kernels.hpp,acr,HEADER_VIA_TU,-2,0.0,0,
lib/acr/backends/cpu/isa/avx.cpp,acr,PASS,0,1.32,0,
lib/acr/backends/cpu/isa/avx2.cpp,acr,PASS,0,1.32,0,
lib/acr/backends/cpu/isa/avx512.cpp,acr,PASS,0,1.32,0,
lib/acr/backends/cpu/isa/dispatch.cpp,acr,PASS,0,0.72,0,
lib/acr/backends/cpu/isa/isa_kernels.hpp,acr,HEADER_VIA_TU,-2,0.0,0,
lib/acr/backends/cpu/isa/scalar.cpp,acr,PASS,0,0.75,0,
lib/acr/backends/cpu/isa/sse.cpp,acr,PASS,0,1.32,0,
lib/acr/backends/cuda/bridge/acr_cuda_bridge.h,acr,HEADER_VIA_TU,-2,0.0,0,
lib/acr/backends/cuda/bridge/acr_cuda_bridge_host.cpp,acr,EXCEPTION,-3,0.36,0,CUDA_RUNTIME_DEP: 需 nvcc toolchain; alternate=nvcc compile (toolchain PASS) + manual review
lib/acr/backends/cuda/bridge/acr_cuda_bridge_kernels.cu,acr,EXCEPTION,-3,0.0,0,CUDA_NEEDS_NVCC: clang22 不支持 CUDA 11.8; alternate=nvcc compile (toolchain build PASS) + manual review
lib/acr/backends/cuda/bridge/cuda_bridge_api.hpp,acr,HEADER_VIA_TU,-2,0.0,0,
lib/acr/backends/cuda/cuda_backend.cu,acr,EXCEPTION,-3,0.0,0,CUDA_NEEDS_NVCC: clang22 不支持 CUDA 11.8; alternate=nvcc compile (toolchain build PASS) + manual review
lib/acr/backends/cuda/cuda_backend.hpp,acr,HEADER_VIA_TU,-2,0.0,0,
lib/acr/backends/cuda/cuda_bridge_loader.cpp,acr,PASS,0,7.76,0,
lib/acr/backends/cuda/cuda_buffer.cpp,acr,PASS,0,0.04,0,
lib/acr/backends/cuda/cuda_buffer.hpp,acr,HEADER_VIA_TU,-2,0.0,0,
lib/acr/backends/cuda/cuda_executor.cpp,acr,PASS,0,0.04,0,
lib/acr/backends/cuda/cuda_executor.hpp,acr,HEADER_VIA_TU,-2,0.0,0,
lib/acr/core/runtime.cpp,acr,PASS,0,9.48,0,
lib/acr/core/task_descriptor.cpp,acr,PASS,0,2.95,0,
lib/acr/core/task_descriptor.hpp,acr,HEADER_VIA_TU,-2,0.0,0,
lib/acr/cost/cost_estimator.cpp,acr,PASS,0,4.55,0,
lib/acr/cost/cost_estimator.hpp,acr,HEADER_VIA_TU,-2,0.0,0,
lib/acr/diagnostics/hardware_report.cpp,acr,PASS,0,0.95,0,
lib/acr/examples/cuda_axpy.cu,acr,EXCEPTION,-3,0.0,0,CUDA_NEEDS_NVCC: clang22 不支持 CUDA 11.8; alternate=nvcc compile (toolchain build PASS) + manual review
lib/acr/examples/legacy_chunk_adapter.cpp,acr,PASS,0,1.0,0,
lib/acr/examples/minimal_parallel_for.cpp,acr,PASS,0,2.53,0,
lib/acr/examples/weighted_integration/route_profile_calibration.cpp,acr,PASS,0,11.17,0,
lib/acr/examples/weighted_integration/route_profile_calibration.hpp,acr,HEADER_VIA_TU,-2,0.0,0,
lib/acr/examples/weighted_integration/weighted_integration_benchmark.cpp,acr,PASS,0,17.38,0,
lib/acr/examples/weighted_integration/weighted_integration_common.hpp,acr,HEADER_VIA_TU,-2,0.0,0,
lib/acr/examples/weighted_integration/weighted_integration_kernels.cpp,acr,PASS,0,1.7,0,
lib/acr/examples/weighted_integration/weighted_integration_kernels.hpp,acr,HEADER_VIA_TU,-2,0.0,0,
lib/acr/include/astro/compute/acr.hpp,acr,HEADER_VIA_TU,-2,0.0,0,
lib/acr/include/astro/compute/hardware_profile.hpp,acr,HEADER_VIA_TU,-2,0.0,0,
lib/acr/include/astro/compute/kernel_registry.hpp,acr,HEADER_VIA_TU,-2,0.0,0,
lib/acr/include/astro/compute/runtime_internal.h,acr,HEADER_VIA_TU,-2,0.0,0,
lib/acr/include/astro/compute/task_traits.hpp,acr,HEADER_VIA_TU,-2,0.0,0,
lib/acr/include/astro/compute/topology.hpp,acr,HEADER_VIA_TU,-2,0.0,0,
lib/acr/profile/profile_reader.cpp,acr,PASS,0,7.67,0,
lib/acr/profile/profile_reader.hpp,acr,HEADER_VIA_TU,-2,0.0,0,
lib/acr/qualification/benchmark_driver.cpp,acr,PASS,0,8.2,0,
lib/acr/qualification/benchmark_driver.hpp,acr,HEADER_VIA_TU,-2,0.0,0,
lib/acr/qualification/benchmarks/arithmetic_benchmark.cpp,acr,FINDINGS,0,4.35,2,
lib/acr/qualification/benchmarks/atomic_benchmark.cpp,acr,FINDINGS,0,2.79,3,
lib/acr/qualification/benchmarks/benchmark_common.hpp,acr,HEADER_VIA_TU,-2,0.0,0,
lib/acr/qualification/benchmarks/benchmark_main.cpp,acr,PASS,0,0.85,0,
lib/acr/qualification/benchmarks/branch_benchmark.cpp,acr,FINDINGS,0,2.51,2,
lib/acr/qualification/benchmarks/convolution_benchmark.cpp,acr,FINDINGS,0,2.61,1,
lib/acr/qualification/benchmarks/irregular_benchmark.cpp,acr,FINDINGS,0,2.62,3,
lib/acr/qualification/benchmarks/numa_benchmark.cpp,acr,FINDINGS,0,6.62,2,
lib/acr/qualification/benchmarks/overhead_benchmark.cpp,acr,FINDINGS,0,2.66,4,
lib/acr/qualification/benchmarks/reduction_benchmark.cpp,acr,FINDINGS,0,5.89,1,
lib/acr/qualification/benchmarks/stream_benchmark.cpp,acr,PASS,0,4.82,0,
lib/acr/qualification/benchmarks/thread_curve_benchmark.cpp,acr,FINDINGS,0,6.05,1,
lib/acr/qualification/benchmarks/transfer_benchmark.cpp,acr,PASS,0,2.65,0,
lib/acr/qualification/focused/acr_benchmark_focused_main.cpp,acr,PASS,0,1.08,0,
lib/acr/qualification/focused/focused_benchmark.cpp,acr,PASS,0,9.53,0,
lib/acr/qualification/focused/focused_benchmark.hpp,acr,HEADER_VIA_TU,-2,0.0,0,
lib/acr/qualification/focused/focused_operations.cpp,acr,PASS,0,2.79,0,
lib/acr/qualification/focused/focused_operations.hpp,acr,HEADER_VIA_TU,-2,0.0,0,
lib/acr/qualification/focused/operation_profile.cpp,acr,PASS,0,8.11,0,
lib/acr/qualification/focused/operation_profile.hpp,acr,HEADER_VIA_TU,-2,0.0,0,
lib/acr/qualification/profile_generator.cpp,acr,PASS,0,8.82,0,
lib/acr/qualification/profile_generator.hpp,acr,HEADER_VIA_TU,-2,0.0,0,
lib/acr/qualification/profile_schema.hpp,acr,HEADER_VIA_TU,-2,0.0,0,
lib/acr/routing/benchmark_route_estimator.cpp,acr,PASS,0,8.5,0,
lib/acr/routing/benchmark_route_estimator.hpp,acr,HEADER_VIA_TU,-2,0.0,0,
lib/acr/routing/route_profile_v2.cpp,acr,PASS,0,13.6,0,
lib/acr/routing/route_profile_v2.hpp,acr,HEADER_VIA_TU,-2,0.0,0,
lib/acr/scheduler/current_state.cpp,acr,PASS,0,6.09,0,
lib/acr/scheduler/current_state.hpp,acr,HEADER_VIA_TU,-2,0.0,0,
lib/acr/scheduler/device_executor.cpp,acr,PASS,0,2.86,0,
lib/acr/scheduler/device_executor.hpp,acr,HEADER_VIA_TU,-2,0.0,0,
lib/acr/scheduler/dispatcher.cpp,acr,PASS,0,23.18,0,
lib/acr/scheduler/dispatcher.hpp,acr,HEADER_VIA_TU,-2,0.0,0,
lib/acr/scheduler/fallback.cpp,acr,PASS,0,2.7,0,
lib/acr/scheduler/fallback.hpp,acr,HEADER_VIA_TU,-2,0.0,0,
lib/acr/scheduler/mixed_route_planner.cpp,acr,PASS,0,1.86,0,
lib/acr/scheduler/mixed_route_planner.hpp,acr,HEADER_VIA_TU,-2,0.0,0,
lib/acr/scheduler/mixed_runner.cpp,acr,PASS,0,1.05,0,
lib/acr/scheduler/mixed_runner.hpp,acr,HEADER_VIA_TU,-2,0.0,0,
lib/acr/scheduler/partitioner.cpp,acr,PASS,0,0.75,0,
lib/acr/scheduler/partitioner.hpp,acr,HEADER_VIA_TU,-2,0.0,0,
lib/acr/scheduler/queue_aware.cpp,acr,PASS,0,0.73,0,
lib/acr/scheduler/queue_aware.hpp,acr,HEADER_VIA_TU,-2,0.0,0,
lib/acr/scheduler/reduction_merger.cpp,acr,PASS,0,0.92,0,
lib/acr/scheduler/reduction_merger.hpp,acr,HEADER_VIA_TU,-2,0.0,0,
lib/acr/scheduler/residency_manager.cpp,acr,PASS,0,2.56,0,
lib/acr/scheduler/residency_manager.hpp,acr,HEADER_VIA_TU,-2,0.0,0,
lib/acr/scheduler/shared_work_pool.cpp,acr,PASS,0,3.17,0,
lib/acr/scheduler/shared_work_pool.hpp,acr,HEADER_VIA_TU,-2,0.0,0,
lib/acr/topology/cpu_features.cpp,acr,PASS,0,2.54,0,
lib/acr/topology/hwloc_topo.cpp,acr,PASS,0,4.88,0,
lib/acr/utilization/actual_tracker.cpp,acr,PASS,0,8.38,0,
lib/acr/utilization/actual_tracker.hpp,acr,HEADER_VIA_TU,-2,0.0,0,
lib/acr/utilization/config_hot_read.cpp,acr,PASS,0,1.26,0,
lib/acr/utilization/config_hot_read.hpp,acr,HEADER_VIA_TU,-2,0.0,0,
lib/acr/utilization/memory_budget.cpp,acr,PASS,0,4.96,0,
lib/acr/utilization/memory_budget.hpp,acr,HEADER_VIA_TU,-2,0.0,0,
lib/acr/utilization/staging_ledger.cpp,acr,PASS,0,0.88,0,
lib/acr/utilization/staging_ledger.hpp,acr,HEADER_VIA_TU,-2,0.0,0,
lib/acr/utilization/system_metrics.cpp,acr,PASS,0,7.11,0,
lib/acr/utilization/system_metrics.hpp,acr,HEADER_VIA_TU,-2,0.0,0,
lib/astro_image_io/include/aio_ahpx_format.h,astro_image_io,HEADER_VIA_TU,-2,0.0,0,
lib/astro_image_io/include/aio_healpix_io.h,astro_image_io,HEADER_VIA_TU,-2,0.0,0,
lib/astro_image_io/include/aio_hips.h,astro_image_io,HEADER_VIA_TU,-2,0.0,0,
lib/astro_image_io/include/aio_hips_reader.h,astro_image_io,HEADER_VIA_TU,-2,0.0,0,
lib/astro_image_io/include/aio_pipeline.h,astro_image_io,HEADER_VIA_TU,-2,0.0,0,
lib/astro_image_io/include/aio_pipeline_engine.h,astro_image_io,HEADER_VIA_TU,-2,0.0,0,
lib/astro_image_io/include/aio_upm.h,astro_image_io,HEADER_VIA_TU,-2,0.0,0,
lib/astro_image_io/include/astro_image_io.h,astro_image_io,HEADER_VIA_TU,-2,0.0,0,
lib/astro_image_io/include/hiss_format.h,astro_image_io,HEADER_VIA_TU,-2,0.0,0,
lib/astro_image_io/src/ahpx/aio_ahpx_api.cpp,astro_image_io,PASS,0,0.63,0,
lib/astro_image_io/src/ahpx/aio_ahpx_reader.cpp,astro_image_io,PASS,0,7.63,0,
lib/astro_image_io/src/ahpx/aio_ahpx_reader.h,astro_image_io,HEADER_VIA_TU,-2,0.0,0,
lib/astro_image_io/src/ahpx/aio_ahpx_writer.cpp,astro_image_io,FINDINGS,0,6.35,1,
lib/astro_image_io/src/ahpx/aio_ahpx_writer.h,astro_image_io,HEADER_VIA_TU,-2,0.0,0,
lib/astro_image_io/src/aio_api.cpp,astro_image_io,PASS,0,2.01,0,
lib/astro_image_io/src/aio_compressor.cpp,astro_image_io,PASS,0,0.08,0,
lib/astro_image_io/src/aio_compressor.h,astro_image_io,HEADER_VIA_TU,-2,0.0,0,
lib/astro_image_io/src/aio_fits.cpp,astro_image_io,PASS,0,13.98,0,
lib/astro_image_io/src/aio_fits.h,astro_image_io,HEADER_VIA_TU,-2,0.0,0,
lib/astro_image_io/src/aio_log.cpp,astro_image_io,PASS,0,1.69,0,
lib/astro_image_io/src/aio_log.h,astro_image_io,HEADER_VIA_TU,-2,0.0,0,
lib/astro_image_io/src/aio_pipeline.cpp,astro_image_io,FINDINGS,0,11.91,1,
lib/astro_image_io/src/aio_pipeline_engine.cpp,astro_image_io,PASS,0,5.16,0,
lib/astro_image_io/src/aio_upm.cpp,astro_image_io,PASS,0,4.9,0,
lib/astro_image_io/src/aio_util.h,astro_image_io,HEADER_VIA_TU,-2,0.0,0,
lib/astro_image_io/src/aio_xisf.cpp,astro_image_io,PASS,0,6.31,0,
lib/astro_image_io/src/aio_xisf.h,astro_image_io,HEADER_VIA_TU,-2,0.0,0,
lib/astro_image_io/src/healpix/aio_healpix_io.cpp,astro_image_io,PASS,0,10.39,0,
lib/astro_image_io/src/hips/aio_hips_reader.cpp,astro_image_io,PASS,0,4.06,0,
lib/astro_image_io/src/hips/aio_hips_writer.cpp,astro_image_io,PASS,0,13.44,0,
lib/astro_image_io/src/hiss_codec.cpp,astro_image_io,PASS,0,2.85,0,
lib/astro_image_io/src/hiss_common.cpp,astro_image_io,PASS,0,6.18,0,
lib/astro_image_io/src/hiss_reader.cpp,astro_image_io,PASS,0,8.2,0,
lib/astro_image_io/src/hiss_stream_writer.cpp,astro_image_io,PASS,0,4.76,0,
lib/astro_image_io/src/hiss_stream_writer.h,astro_image_io,HEADER_VIA_TU,-2,0.0,0,
lib/astro_image_io/src/hiss_tile_model.cpp,astro_image_io,PASS,0,0.83,0,
lib/astro_image_io/src/hiss_tile_model.h,astro_image_io,HEADER_VIA_TU,-2,0.0,0,
lib/astro_image_io/src/hiss_transform.cpp,astro_image_io,PASS,0,1.06,0,
lib/astro_image_io/src/hiss_transform.h,astro_image_io,HEADER_VIA_TU,-2,0.0,0,
lib/astro_image_io/src/hiss_writer.cpp,astro_image_io,FINDINGS,0,12.24,1,
lib/calibration/cpp/cosmetic_corrector.cpp,calibration,PASS,0,8.52,0,
lib/calibration/cpp/cosmetic_corrector.h,calibration,HEADER_VIA_TU,-2,0.0,0,
lib/calibration/include/astro_calibration.h,calibration,HEADER_VIA_TU,-2,0.0,0,
lib/calibration/src/ac_api.cpp,calibration,PASS,0,0.96,0,
lib/calibration/src/calibrator.cpp,calibration,PASS,0,2.96,0,
lib/calibration/src/cosmetic_corrector.cpp,calibration,PASS,0,3.55,0,
lib/calibration/src/dark_optimizer.cpp,calibration,PASS,0,4.16,0,
lib/calibration/src/master_generator.cpp,calibration,PASS,0,8.97,0,
lib/calibration/src/photometry_apply.cpp,calibration,PASS,0,0.26,0,
lib/calibration/src/photometry_apply.h,calibration,HEADER_VIA_TU,-2,0.0,0,
lib/common/crypto/sha256.cpp,common,PASS,0,0.58,0,
lib/common/crypto/sha256.h,common,HEADER_VIA_TU,-2,0.0,0,
lib/common/healpix/healpix_core.cpp,common,PASS,0,0.44,0,
lib/common/healpix/healpix_core.h,common,HEADER_VIA_TU,-2,0.0,0,
lib/common/include/astro_scalar.h,common,HEADER_VIA_TU,-2,0.0,0,
lib/common/include/precision_context.h,common,HEADER_VIA_TU,-2,0.0,0,
lib/dynamic_psf/include/dynamic_psf.h,dynamic_psf,HEADER_VIA_TU,-2,0.0,0,
lib/dynamic_psf/src/dpsf_image.cpp,dynamic_psf,PASS,0,16.77,0,
lib/dynamic_psf/src/dpsf_image.h,dynamic_psf,HEADER_VIA_TU,-2,0.0,0,
lib/dynamic_psf/src/dpsf_log.cpp,dynamic_psf,PASS,0,1.72,0,
lib/dynamic_psf/src/dpsf_log.h,dynamic_psf,HEADER_VIA_TU,-2,0.0,0,
lib/dynamic_psf/src/dpsf_psf.cpp,dynamic_psf,PASS,0,14.75,0,
lib/dynamic_psf/src/dpsf_psf.h,dynamic_psf,HEADER_VIA_TU,-2,0.0,0,
lib/gaia_xpsd_client/example/demo.c,gaia_xpsd_client,PASS,0,0.08,0,
lib/gaia_xpsd_client/src/gaia_client.c,gaia_xpsd_client,PASS,0,15.38,0,
lib/gaia_xpsd_client/src/gaia_client.h,gaia_xpsd_client,HEADER_VIA_TU,-2,0.0,0,
lib/healpix_db/healpix_browser_qt/app/browser_cli.cpp,healpix_browser,FINDINGS,0,26.11,1,
lib/healpix_db/healpix_browser_qt/app/main.cpp,healpix_browser,PASS,0,7.83,0,
lib/healpix_db/healpix_browser_qt/app/main_window.cpp,healpix_browser,PASS,0,15.88,0,
lib/healpix_db/healpix_browser_qt/app/main_window.h,healpix_browser,HEADER_VIA_TU,-2,0.0,0,
lib/healpix_db/healpix_browser_qt/app/stf_bar.cpp,healpix_browser,PASS,0,5.1,0,
lib/healpix_db/healpix_browser_qt/app/stf_bar.h,healpix_browser,HEADER_VIA_TU,-2,0.0,0,
lib/healpix_db/healpix_browser_qt/app/stf_panel.cpp,healpix_browser,PASS,0,4.39,0,
lib/healpix_db/healpix_browser_qt/app/stf_panel.h,healpix_browser,HEADER_VIA_TU,-2,0.0,0,
lib/healpix_db/healpix_browser_qt/core/browser_backend.cpp,healpix_browser,PASS,0,14.9,0,
lib/healpix_db/healpix_browser_qt/core/browser_backend.h,healpix_browser,HEADER_VIA_TU,-2,0.0,0,
lib/healpix_db/healpix_browser_qt/core/gl_renderer.cpp,healpix_browser,PASS,0,10.11,0,
lib/healpix_db/healpix_browser_qt/core/gl_renderer.h,healpix_browser,HEADER_VIA_TU,-2,0.0,0,
lib/healpix_db/healpix_browser_qt/core/healpix_math.cpp,healpix_browser,PASS,0,1.05,0,
lib/healpix_db/healpix_browser_qt/core/healpix_math.h,healpix_browser,HEADER_VIA_TU,-2,0.0,0,
lib/healpix_db/healpix_browser_qt/core/hips_browser_backend.cpp,healpix_browser,PASS,0,8.57,0,
lib/healpix_db/healpix_browser_qt/core/hips_browser_backend.h,healpix_browser,HEADER_VIA_TU,-2,0.0,0,
lib/healpix_db/healpix_browser_qt/core/hips_sky_view.cpp,healpix_browser,PASS,0,8.35,0,
lib/healpix_db/healpix_browser_qt/core/hips_sky_view.h,healpix_browser,HEADER_VIA_TU,-2,0.0,0,
lib/healpix_db/healpix_browser_qt/core/logger.h,healpix_browser,HEADER_VIA_TU,-2,0.0,0,
lib/healpix_db/healpix_browser_qt/core/stf_engine.cpp,healpix_browser,PASS,0,4.5,0,
lib/healpix_db/healpix_browser_qt/core/stf_engine.h,healpix_browser,HEADER_VIA_TU,-2,0.0,0,
lib/healpix_db/healpix_browser_qt/include/healpix_browser_core.h,healpix_browser,HEADER_VIA_TU,-2,0.0,0,
lib/healpix_db/healpix_browser_qt/widgets/abstract_view.cpp,healpix_browser,PASS,0,9.0,0,
lib/healpix_db/healpix_browser_qt/widgets/abstract_view.h,healpix_browser,HEADER_VIA_TU,-2,0.0,0,
lib/healpix_db/healpix_browser_qt/widgets/hips_view.cpp,healpix_browser,PASS,0,5.39,0,
lib/healpix_db/healpix_browser_qt/widgets/hips_view.h,healpix_browser,HEADER_VIA_TU,-2,0.0,0,
lib/healpix_db/healpix_browser_qt/widgets/sphere_view.cpp,healpix_browser,PASS,0,5.36,0,
lib/healpix_db/healpix_browser_qt/widgets/sphere_view.h,healpix_browser,HEADER_VIA_TU,-2,0.0,0,
lib/healpix_db/healpix_drizzle/astro_sphere_sink.cpp,healpix_drizzle,PASS,0,9.12,0,
lib/healpix_db/healpix_drizzle/astro_sphere_sink.h,healpix_drizzle,HEADER_VIA_TU,-2,0.0,0,
lib/healpix_db/healpix_drizzle/drizzle_engine.cpp,healpix_drizzle,PASS,0,27.77,0,
lib/healpix_db/healpix_drizzle/drizzle_engine.h,healpix_drizzle,HEADER_VIA_TU,-2,0.0,0,
lib/healpix_db/healpix_drizzle/fits_reader.cpp,healpix_drizzle,FINDINGS,0,6.22,1,
lib/healpix_db/healpix_drizzle/fits_reader.h,healpix_drizzle,HEADER_VIA_TU,-2,0.0,0,
lib/healpix_db/healpix_drizzle/healpix_core.cpp,healpix_drizzle,PASS,0,11.55,0,
lib/healpix_db/healpix_drizzle/healpix_core.h,healpix_drizzle,HEADER_VIA_TU,-2,0.0,0,
lib/healpix_db/healpix_drizzle/hp_drizzle_api.cpp,healpix_drizzle,PASS,0,6.92,0,
lib/healpix_db/healpix_drizzle/hp_drizzle_api.h,healpix_drizzle,HEADER_VIA_TU,-2,0.0,0,
lib/healpix_db/healpix_drizzle/nanoflann.hpp,healpix_drizzle,HEADER_VIA_TU,-2,0.0,0,
lib/healpix_db/healpix_drizzle/poly_clip.cpp,healpix_drizzle,PASS,0,0.82,0,
lib/healpix_db/healpix_drizzle/poly_clip.h,healpix_drizzle,HEADER_VIA_TU,-2,0.0,0,
lib/healpix_db/healpix_drizzle/reverse_drizzle.cpp,healpix_drizzle,PASS,0,8.61,0,
lib/healpix_db/healpix_drizzle/reverse_drizzle.h,healpix_drizzle,HEADER_VIA_TU,-2,0.0,0,
lib/healpix_db/healpix_drizzle/snr_evaluator.cpp,healpix_drizzle,PASS,0,14.3,0,
lib/healpix_db/healpix_drizzle/snr_evaluator.h,healpix_drizzle,HEADER_VIA_TU,-2,0.0,0,
lib/healpix_db/healpix_drizzle/spherical_overlap.cpp,healpix_drizzle,PASS,0,23.2,0,
lib/healpix_db/healpix_drizzle/spherical_overlap.h,healpix_drizzle,HEADER_VIA_TU,-2,0.0,0,
lib/healpix_db/healpix_drizzle/wcs_sip.cpp,healpix_drizzle,PASS,0,0.78,0,
lib/healpix_db/healpix_drizzle/wcs_sip.h,healpix_drizzle,HEADER_VIA_TU,-2,0.0,0,
lib/orchestrator/cpp/include/admission_controller.h,orchestrator,HEADER_VIA_TU,-2,0.0,0,
lib/orchestrator/cpp/include/checkpoint.h,orchestrator,HEADER_VIA_TU,-2,0.0,0,
lib/orchestrator/cpp/include/cli_command.h,orchestrator,HEADER_VIA_TU,-2,0.0,0,
lib/orchestrator/cpp/include/dll_loader.h,orchestrator,HEADER_VIA_TU,-2,0.0,0,
lib/orchestrator/cpp/include/json_config.h,orchestrator,HEADER_VIA_TU,-2,0.0,0,
lib/orchestrator/cpp/include/logger.h,orchestrator,HEADER_VIA_TU,-2,0.0,0,
lib/orchestrator/cpp/include/orchestrator.h,orchestrator,HEADER_VIA_TU,-2,0.0,0,
lib/orchestrator/cpp/include/resource_monitor.h,orchestrator,HEADER_VIA_TU,-2,0.0,0,
lib/orchestrator/cpp/include/spill_manager.h,orchestrator,HEADER_VIA_TU,-2,0.0,0,
lib/orchestrator/cpp/src/checkpoint.cpp,orchestrator,PASS,0,17.85,0,
lib/orchestrator/cpp/src/cli_command.cpp,orchestrator,PASS,0,6.3,0,
lib/orchestrator/cpp/src/dll_loader.cpp,orchestrator,PASS,0,8.55,0,
lib/orchestrator/cpp/src/json_config.cpp,orchestrator,PASS,0,9.47,0,
lib/orchestrator/cpp/src/logger.cpp,orchestrator,PASS,0,4.26,0,
lib/orchestrator/cpp/src/main.cpp,orchestrator,PASS,0,9.52,0,
lib/orchestrator/cpp/src/orchestrator.cpp,orchestrator,FINDINGS,0,48.8,1,
lib/phase2/include/astro/phase2/acr_kernels.h,phase2,HEADER_VIA_TU,-2,0.0,0,
lib/phase2/include/astro/phase2/block.h,phase2,HEADER_VIA_TU,-2,0.0,0,
lib/phase2/include/astro/phase2/coverage.h,phase2,HEADER_VIA_TU,-2,0.0,0,
lib/phase2/include/astro/phase2/integrate.h,phase2,HEADER_VIA_TU,-2,0.0,0,
lib/phase2/include/astro/phase2/rejection.h,phase2,HEADER_VIA_TU,-2,0.0,0,
lib/phase2/include/astro/phase2/sampler.h,phase2,HEADER_VIA_TU,-2,0.0,0,
lib/phase2/include/astro/phase2/stage2_common.h,phase2,HEADER_VIA_TU,-2,0.0,0,
lib/phase2/include/astro/phase2/upm.h,phase2,HEADER_VIA_TU,-2,0.0,0,
lib/phase2/src/acr_kernels.cpp,phase2,PASS,0,6.78,0,
lib/phase2/src/block.cpp,phase2,PASS,0,0.62,0,
lib/phase2/src/coverage.cpp,phase2,PASS,0,4.56,0,
lib/phase2/src/integrate.cpp,phase2,PASS,0,0.37,0,
lib/phase2/src/rejection.cpp,phase2,PASS,0,16.53,0,
lib/phase2/src/sampler.cpp,phase2,PASS,0,8.11,0,
lib/phase2/src/stage2_common.cpp,phase2,PASS,0,5.83,0,
lib/phase2/src/upm.cpp,phase2,PASS,0,27.75,0,
lib/photometric_calib/cpp/include/log_macros.h,photometric_calib,HEADER_VIA_TU,-2,0.0,0,
lib/photometric_calib/cpp/include/photometric_calib.h,photometric_calib,HEADER_VIA_TU,-2,0.0,0,
lib/photometric_calib/cpp/src/image_corrector.cpp,photometric_calib,PASS,0,4.13,0,
lib/photometric_calib/cpp/src/image_corrector.h,photometric_calib,HEADER_VIA_TU,-2,0.0,0,
lib/photometric_calib/cpp/src/pc_api.cpp,photometric_calib,PASS,0,3.89,0,
lib/photometric_calib/cpp/src/spectrum_integrator.cpp,photometric_calib,PASS,0,4.69,0,
lib/photometric_calib/cpp/src/spectrum_integrator.h,photometric_calib,HEADER_VIA_TU,-2,0.0,0,
lib/photometric_calib/cpp/src/star_matcher.cpp,photometric_calib,PASS,0,8.43,0,
lib/photometric_calib/cpp/src/star_matcher.h,photometric_calib,HEADER_VIA_TU,-2,0.0,0,
lib/photometric_calib/cpp/src/wcs_transform.cpp,photometric_calib,PASS,0,0.45,0,
lib/photometric_calib/cpp/src/wcs_transform.h,photometric_calib,HEADER_VIA_TU,-2,0.0,0,
lib/photometric_calib/cpp/test/gate4_dr3sp_gaiaxpy/fsyn_export.cpp,photometric_calib,PASS,0,0.69,0,
lib/photometric_calib/cpp/test/test_spectrum_integrator.cpp,photometric_calib,PASS,0,0.84,0,
lib/plate_solve/cpp/ipv/include/ipv_angle.h,plate_solve,HEADER_VIA_TU,-2,0.0,0,
lib/plate_solve/cpp/ipv/include/ipv_api.h,plate_solve,HEADER_VIA_TU,-2,0.0,0,
lib/plate_solve/cpp/ipv/include/ipv_distortion.h,plate_solve,HEADER_VIA_TU,-2,0.0,0,
lib/plate_solve/cpp/ipv/include/ipv_itertrans.h,plate_solve,HEADER_VIA_TU,-2,0.0,0,
lib/plate_solve/cpp/ipv/include/ipv_kvector.h,plate_solve,HEADER_VIA_TU,-2,0.0,0,
lib/plate_solve/cpp/ipv/include/ipv_log.h,plate_solve,HEADER_VIA_TU,-2,0.0,0,
lib/plate_solve/cpp/ipv/include/ipv_polygon.h,plate_solve,HEADER_VIA_TU,-2,0.0,0,
lib/plate_solve/cpp/ipv/include/ipv_ransac.h,plate_solve,HEADER_VIA_TU,-2,0.0,0,
lib/plate_solve/cpp/ipv/include/ipv_robust_refine.h,plate_solve,HEADER_VIA_TU,-2,0.0,0,
lib/plate_solve/cpp/ipv/include/ipv_select.h,plate_solve,HEADER_VIA_TU,-2,0.0,0,
lib/plate_solve/cpp/ipv/include/ipv_sip.h,plate_solve,HEADER_VIA_TU,-2,0.0,0,
lib/plate_solve/cpp/ipv/include/ipv_solver.h,plate_solve,HEADER_VIA_TU,-2,0.0,0,
lib/plate_solve/cpp/ipv/include/ipv_triangle.h,plate_solve,HEADER_VIA_TU,-2,0.0,0,
lib/plate_solve/cpp/ipv/include/ipv_types.h,plate_solve,HEADER_VIA_TU,-2,0.0,0,
lib/plate_solve/cpp/ipv/include/ipv_wcs.h,plate_solve,HEADER_VIA_TU,-2,0.0,0,
lib/plate_solve/cpp/ipv/src/ipv_angle.cpp,plate_solve,FINDINGS,0,0.86,1,
lib/plate_solve/cpp/ipv/src/ipv_distortion.cpp,plate_solve,PASS,0,6.37,0,
lib/plate_solve/cpp/ipv/src/ipv_entry.cpp,plate_solve,PASS,0,2.51,0,
lib/plate_solve/cpp/ipv/src/ipv_itertrans.cpp,plate_solve,FINDINGS,0,9.63,1,
lib/plate_solve/cpp/ipv/src/ipv_kvector.cpp,plate_solve,PASS,0,4.56,0,
lib/plate_solve/cpp/ipv/src/ipv_polygon.cpp,plate_solve,PASS,0,11.84,0,
lib/plate_solve/cpp/ipv/src/ipv_ransac.cpp,plate_solve,PASS,0,21.76,0,
lib/plate_solve/cpp/ipv/src/ipv_robust_refine.cpp,plate_solve,PASS,0,10.52,0,
lib/plate_solve/cpp/ipv/src/ipv_select.cpp,plate_solve,PASS,0,20.89,0,
lib/plate_solve/cpp/ipv/src/ipv_sip.cpp,plate_solve,PASS,0,6.22,0,
lib/plate_solve/cpp/ipv/src/ipv_solver.cpp,plate_solve,PASS,0,14.97,0,
lib/plate_solve/cpp/ipv/src/ipv_triangle.cpp,plate_solve,PASS,0,6.45,0,
lib/plate_solve/cpp/ipv/src/ipv_wcs.cpp,plate_solve,PASS,0,2.66,0,
lib/plate_solve/cpp/ipv/test/test_kvector.cpp,plate_solve,PASS,0,6.12,0,
lib/plate_solve/cpp/ipv/test/test_synthetic.cpp,plate_solve,PASS,0,5.53,0,
lib/snr_estimator/cpp/include/snr_estimator.h,snr_estimator,HEADER_VIA_TU,-2,0.0,0,
lib/snr_estimator/cpp/src/noise_model.cpp,snr_estimator,PASS,0,8.64,0,
lib/snr_estimator/cpp/src/snr_estimator.cpp,snr_estimator,PASS,0,6.04,0,
lib/star_detector/include/star_detector.h,star_detector,HEADER_VIA_TU,-2,0.0,0,
lib/star_detector/src/sdet_api.cpp,star_detector,PASS,0,18.78,0,
lib/star_detector/src/sdet_background.cpp,star_detector,FINDINGS,0,1.73,1,
lib/star_detector/src/sdet_background.h,star_detector,HEADER_VIA_TU,-2,0.0,0,
lib/star_detector/src/sdet_detector.cpp,star_detector,PASS,0,16.32,0,
lib/star_detector/src/sdet_detector.h,star_detector,HEADER_VIA_TU,-2,0.0,0,
lib/star_detector/src/sdet_image.cpp,star_detector,FINDINGS,0,21.51,1,
lib/star_detector/src/sdet_image.h,star_detector,HEADER_VIA_TU,-2,0.0,0,
lib/star_detector/src/sdet_log.cpp,star_detector,PASS,0,1.73,0,
lib/star_detector/src/sdet_log.h,star_detector,HEADER_VIA_TU,-2,0.0,0,
