file_path,file_name,device_id,master_type,file_size_bytes,sha256,filter_from_filename,exposure_from_filename,bin_from_filename,image_size_from_filename,filter_from_header,exposure_from_header,bin_from_header,image_size_from_header,temp_from_header,pixel_size_from_header,instrument_from_header,filter_match,exposure_match,bin_match,image_size_match,header_parse_error,scanned_at
testdata\T2 calibration files\masterBias_BIN-1_4096x4096.xisf,masterBias_BIN-1_4096x4096.xisf,T2,Bias,67133440,2D7E694C536C9A12D3FF3D4ACF1565D88AD9495EDBC4C5F48EC242A230193303,,,1,4096x4096,,0.00,1,,,9,FLI,YES,YES,YES,YES,,2026-07-27T11:38:02.584555Z
testdata\T2 calibration files\masterDark_BIN-1_4096x4096_EXPOSURE-1200.00s.xisf,masterDark_BIN-1_4096x4096_EXPOSURE-1200.00s.xisf,T2,Dark,67129344,73D42C70DD85301537EE8F3DFDB7D97C8A0266DCCF9AAD78E652A3BC7B06AD48,,1200.00,1,4096x4096,,1200.00,1,,,9,FLI,YES,YES,YES,YES,,2026-07-27T11:38:02.639172Z
testdata\T2 calibration files\masterDark_BIN-1_4096x4096_EXPOSURE-1800.00s.xisf,masterDark_BIN-1_4096x4096_EXPOSURE-1800.00s.xisf,T2,Dark,67121152,EFB75D6A88ACA4A329F0F735E66751E8F9D4C5FDE1C9028D712ED9B1FA98AC00,,1800.00,1,4096x4096,,1800.00,1,,,9,FLI,YES,YES,YES,YES,,2026-07-27T11:38:02.694103Z
testdata\T2 calibration files\masterDark_BIN-1_4096x4096_EXPOSURE-600.00s.xisf,masterDark_BIN-1_4096x4096_EXPOSURE-600.00s.xisf,T2,Dark,67129344,B740556B237B20365C7302B990E273E0348151B6B9A14F4DE02D3BF3C3B46F2B,,600.00,1,4096x4096,,600.00,1,,,9,FLI,YES,YES,YES,YES,,2026-07-27T11:38:02.750010Z
testdata\T2 calibration files\masterFlat_BIN-1_4096x4096_FILTER-Blue_mono.xisf,masterFlat_BIN-1_4096x4096_FILTER-Blue_mono.xisf,T2,Flat,67133440,8E82D75A6757F4AE94918F71DE372D37BB6E3D2CD92428418987F18910E04082,Blue,,1,4096x4096,Blue,3.00,1,,,9,FLI,YES,YES,YES,YES,,2026-07-27T11:38:02.804682Z
testdata\T2 calibration files\masterFlat_BIN-1_4096x4096_FILTER-Green_mono.xisf,masterFlat_BIN-1_4096x4096_FILTER-Green_mono.xisf,T2,Flat,67133440,1E1433B02602DFC95EB86C1FDEE01F533F697C36C5EDA959729691D75D2C8B24,Green,,1,4096x4096,Green,3.00,1,,,9,FLI,YES,YES,YES,YES,,2026-07-27T11:38:02.859968Z
testdata\T2 calibration files\masterFlat_BIN-1_4096x4096_FILTER-H-alpha_mono.xisf,masterFlat_BIN-1_4096x4096_FILTER-H-alpha_mono.xisf,T2,Flat,67133440,AD94F148C02D89C30BD03C35D33D98138643C69A61359535A001E4492E33B184,,,1,4096x4096,H-alpha,30.00,1,,,9,FLI,YES,YES,YES,YES,,2026-07-27T11:38:02.914845Z
testdata\T2 calibration files\masterFlat_BIN-1_4096x4096_FILTER-OIII_mono.xisf,masterFlat_BIN-1_4096x4096_FILTER-OIII_mono.xisf,T2,Flat,67133440,C84DC6DFDFCBF54A7AB4B688EE6D343AE32A1ADC2BB0BBA9256406B78331DFB8,OIII,,1,4096x4096,OIII,3.00,1,,,9,FLI,YES,YES,YES,YES,,2026-07-27T11:38:02.973974Z
testdata\T2 calibration files\masterFlat_BIN-1_4096x4096_FILTER-Red_mono.xisf,masterFlat_BIN-1_4096x4096_FILTER-Red_mono.xisf,T2,Flat,67133440,E0E5540208F099B9A9200717C01931555A40F9AF8C292F5FF9C4C5497A590471,Red,,1,4096x4096,Red,3.00,1,,,9,FLI,YES,YES,YES,YES,,2026-07-27T11:38:03.054862Z
testdata\T3 calibration files\masterBias_BIN-1_4096x4096.xisf,masterBias_BIN-1_4096x4096.xisf,T3,Bias,67133440,22003F86CD3E11D51EF61149950D51AFEF2A570ED4BDD0FA9C6EEA434E834CF7,,,1,4096x4096,,0.00,1,,,9,FLI,YES,YES,YES,YES,,2026-07-27T11:38:03.113585Z
testdata\T3 calibration files\masterDark_BIN-1_4096x4096_EXPOSURE-1200.00s.xisf,masterDark_BIN-1_4096x4096_EXPOSURE-1200.00s.xisf,T3,Dark,67129344,BFBA85EB42839F75665F1F56B21115082D155CB4D380B436E08CD91276935568,,1200.00,1,4096x4096,,1200.00,1,,,9,FLI,YES,YES,YES,YES,,2026-07-27T11:38:03.168270Z
testdata\T3 calibration files\masterDark_BIN-1_4096x4096_EXPOSURE-600.00s.xisf,masterDark_BIN-1_4096x4096_EXPOSURE-600.00s.xisf,T3,Dark,67133440,678646750BA84FC2AEA9B61ABEF942B732AA0E2CEA69277ECB0643D8C37BED0C,,600.00,1,4096x4096,,600.00,1,,,9,FLI,YES,YES,YES,YES,,2026-07-27T11:38:03.223464Z
testdata\T3 calibration files\masterFlat_BIN-1_4096x4096_FILTER-Blue_mono.xisf,masterFlat_BIN-1_4096x4096_FILTER-Blue_mono.xisf,T3,Flat,67133440,056506E26F672E2E7A41F2183E1969FBEAD82883205061F36DE2FB206A450EF2,Blue,,1,4096x4096,Blue,2.00,1,,,9,FLI,YES,YES,YES,YES,,2026-07-27T11:38:03.276908Z
testdata\T3 calibration files\masterFlat_BIN-1_4096x4096_FILTER-Green_mono.xisf,masterFlat_BIN-1_4096x4096_FILTER-Green_mono.xisf,T3,Flat,67133440,FEAE39FB0E9CD0FFC70A6AFD8C0D5E66AC5E1BB5D271E5DA869D4236AB0BD46D,Green,,1,4096x4096,Green,2.00,1,,,9,FLI,YES,YES,YES,YES,,2026-07-27T11:38:03.328819Z
testdata\T3 calibration files\masterFlat_BIN-1_4096x4096_FILTER-H-alpha_mono.xisf,masterFlat_BIN-1_4096x4096_FILTER-H-alpha_mono.xisf,T3,Flat,67133440,E808CB39440A8A05C01713AC9A888D6443AA78E89C36C5FDE8874BAF86DCA5A0,,,1,4096x4096,H-alpha,10.00,1,,,9,FLI,YES,YES,YES,YES,,2026-07-27T11:38:03.380429Z
testdata\T3 calibration files\masterFlat_BIN-1_4096x4096_FILTER-Lum_mono.xisf,masterFlat_BIN-1_4096x4096_FILTER-Lum_mono.xisf,T3,Flat,67133440,1CFB0C4C20C9E525ABCEC32C99C057662A5C55D542297AC332F448F083C1C6BF,Lum,,1,4096x4096,Lum,2.00,1,,,9,FLI,YES,YES,YES,YES,,2026-07-27T11:38:03.431927Z
testdata\T3 calibration files\masterFlat_BIN-1_4096x4096_FILTER-Oiii_mono.xisf,masterFlat_BIN-1_4096x4096_FILTER-Oiii_mono.xisf,T3,Flat,67133440,731F627C5760A2109A7E03C1821AD36E95518B3DB579D211299B9F80B3AEE3BF,Oiii,,1,4096x4096,Oiii,2.00,1,,,9,FLI,YES,YES,YES,YES,,2026-07-27T11:38:03.486232Z
testdata\T3 calibration files\masterFlat_BIN-1_4096x4096_FILTER-Red_mono.xisf,masterFlat_BIN-1_4096x4096_FILTER-Red_mono.xisf,T3,Flat,67133440,F709D97BE3DCEE2D33757EA68C58361EE3B533C987934B3252CBF6304FAE0AC5,Red,,1,4096x4096,Red,2.00,1,,,9,FLI,YES,YES,YES,YES,,2026-07-27T11:38:03.540836Z
testdata\T4 calibration files\masterBias_BIN-1_4500x3600.xisf,masterBias_BIN-1_4500x3600.xisf,T4,Bias,64849152,EA14B6F5E471F673751C7E95BFCE8B92F09A135E0DB74AA4D277F3B4683E0D22,,,1,4500x3600,,0.00,1,,,6,FLI,YES,YES,YES,YES,,2026-07-27T11:38:03.591950Z
testdata\T4 calibration files\masterDark_BIN-1_4500x3600_EXPOSURE-180.00s.xisf,masterDark_BIN-1_4500x3600_EXPOSURE-180.00s.xisf,T4,Dark,64820480,07941CF826A0915B2C87C2BA1529994B65D2BDD31EDBB11998E99CE47C41479B,,180.00,1,4500x3600,,180.00,1,,,6,FLI,YES,YES,YES,YES,,2026-07-27T11:38:03.641924Z
testdata\T4 calibration files\masterDark_BIN-1_4500x3600_EXPOSURE-300.00s.xisf,masterDark_BIN-1_4500x3600_EXPOSURE-300.00s.xisf,T4,Dark,64820480,436A7626EB5469DAACF16E35FAC4D7791979FFFF539569E3FED9D9BCFCDEFF9B,,300.00,1,4500x3600,,300.00,1,,,6,FLI,YES,YES,YES,YES,,2026-07-27T11:38:03.691258Z
testdata\T4 calibration files\masterDark_BIN-1_4500x3600_EXPOSURE-600.00s.xisf,masterDark_BIN-1_4500x3600_EXPOSURE-600.00s.xisf,T4,Dark,64820480,D7CB32C412EAFD29988BF190C42A71FB3415AF7A4140A196879FAED4DCBDE3E2,,600.00,1,4500x3600,,600.00,1,,,6,FLI,YES,YES,YES,YES,,2026-07-27T11:38:03.740841Z
testdata\T4 calibration files\masterFlat_BIN-1_4500x3600_FILTER-Blue_mono.xisf,masterFlat_BIN-1_4500x3600_FILTER-Blue_mono.xisf,T4,Flat,64824576,91FF4AFB5598D3B11A4EDB06D349D95623A6EDF15873C2C58206DA03A14C1E85,Blue,,1,4500x3600,Blue,15.00,1,,,6,FLI,YES,YES,YES,YES,,2026-07-27T11:38:03.789932Z
testdata\T4 calibration files\masterFlat_BIN-1_4500x3600_FILTER-Green_mono.xisf,masterFlat_BIN-1_4500x3600_FILTER-Green_mono.xisf,T4,Flat,64824576,A2D0A76D1480271A20FC1B8C83C596678EA6259ABD303BC92FCE373CEE9CC184,Green,,1,4500x3600,Green,10.53,1,,,6,FLI,YES,YES,YES,YES,,2026-07-27T11:38:03.840105Z
testdata\T4 calibration files\masterFlat_BIN-1_4500x3600_FILTER-H-alpha_mono.xisf,masterFlat_BIN-1_4500x3600_FILTER-H-alpha_mono.xisf,T4,Flat,64824576,152CE62C6457DE81D7BDBCE41B28C8153EFC103B2FC60547092A03FFB953927D,,,1,4500x3600,H-alpha,15.00,1,,,6,FLI,YES,YES,YES,YES,,2026-07-27T11:38:03.888714Z
testdata\T4 calibration files\masterFlat_BIN-1_4500x3600_FILTER-Oiii_mono.xisf,masterFlat_BIN-1_4500x3600_FILTER-Oiii_mono.xisf,T4,Flat,64820480,7E3E038BA95DEA8E0DCA48844FAB5D2406514D60CBCBF74709906DF6D3A1B5B7,Oiii,,1,4500x3600,Oiii,10.28,1,,,6,FLI,YES,YES,YES,YES,,2026-07-27T11:38:03.938336Z
testdata\T4 calibration files\masterFlat_BIN-1_4500x3600_FILTER-Red_mono.xisf,masterFlat_BIN-1_4500x3600_FILTER-Red_mono.xisf,T4,Flat,64824576,E3CB759828162F5DAFB42CDC2820698B9F30C0C682551D0E2E8282C2AA49F5DC,Red,,1,4500x3600,Red,6.80,1,,,6,FLI,YES,YES,YES,YES,,2026-07-27T11:38:03.994819Z
