requirement_id,requirement,tasks,gate
R12-001,确认PlateSolve单次检测共享导出已在主线,P09-002,G9
R12-002,整理T1-T4与全部主校准帧映射,P10-001;P10-002;P10-003;P10-004;P10-005,G10
R12-003,标准WCS可回投真实星点且710无回归,P11-001;P11-002;P11-003;P11-004;P11-005,G11
R12-004,修正测光并生成有效SNR HISS,P12-001;P12-002;P12-003;P12-004;P12-005;P12-006,G12
R12-005,完整Stage1 TestData可执行并报告,P13-001;P13-002;P13-003;P13-004,G12
R12-006,银心三片32帧大尺度梯度与叠加正确,P14-001;P14-002;P14-003;P14-004;P14-005;P14-006;P14-007;P14-008,G13
R12-007,浏览器I/O异步缓存优化,P15-001;P15-002;P15-003;P15-004;P15-005;P15-006;P15-007;P15-008,G14
R12-008,GPU Tile Renderer流畅显示真实银心HCSD,P16-001;P16-002;P16-003;P16-004;P16-005,G15
R12-009,交付统一全量测试与用户可见结果,P17-001;P17-002;P17-003,G16
