task_id,wave,status,owner_id,depends_on,integrated_main_sha,commit,closed_utc
ABI-001,W1,CLOSED,SA-ABI-03,ARC-001,76b85d4,,
ABI-002,W1,CLOSED,SA-ABI-03,ABI-001,5de0813,,
ABI-003,W2,CLOSED,SA-ABI-03,ABI-002;BLD-003,da5ca10,,
ABI-004,W2,CLOSED,SA-ABI-03,ABI-003,40b5687,,
ABI-005,W2,CLOSED,SA-ABI-03,ABI-004,d9c3980,,
ABI-006,W2,CLOSED,SA-AUD-99,ABI-005,b99fcd80d41f16610ff5a4b26f487a93e46e5aa4,,
ACR-001,W2,CLOSED,SA-ACR-13,BLD-002,9cc5cb5,,
ARC-001,W1,CLOSED,SA-ABI-03,GOV-001,1c3d1dc,,
AUD-001,W0,CLOSED,SA-AUD-99,ID-001;ID-002;ID-003,f260b804880898f69aa9ffd0f78b6df1eeb8bc94,,
AUD-002,W5,NOT_STARTED,SA-AUD-99,LNX-006,,,
AUD-003,W6,NOT_STARTED,SA-AUD-99,WIN-014,,,
AUD-004,W7,NOT_STARTED,SA-AUD-99,QA-007;QA-008,,,
AUD-005,W8,NOT_STARTED,SA-AUD-99,WIN-014;AUD-004,,,
BLD-001,W1,CLOSED,SA-BLD-02,GOV-001,f260b80,,
BLD-002,W2,CLOSED,SA-BLD-02,BLD-001,3e7f7581fd066def5bc817f3b32311049ed0c264,,
BLD-003,W2,CLOSED,SA-BLD-02,BLD-002,46b0d8e,,
BLD-004,W2,CLOSED,SA-BLD-02,BLD-003,64a2f99,,
CAT-GAIA-DOC,W1,NOT_STARTED,SA-P1-W16,GOV-001;ARC-001;DATA-001;DOC-001,,,
CAT-GAIA-IMPL,W3,NOT_STARTED,SA-P1-W16,CAT-GAIA-TEST;ABI-005;RT-004;DATA-003,,,
CAT-GAIA-INT,W3,NOT_STARTED,SA-P1-W16,CAT-GAIA-IMPL;ABI-005;DATA-004;IO-003,,,
CAT-GAIA-TEST,W3,NOT_STARTED,SA-P1-W16,CAT-GAIA-DOC;TST-001,,,
CLI-001,W2,CLOSED,SA-CLI-04,ABI-005,10a5972390cbc214507ff4dedf347ef6a8c17bf3,,2026-09-04T10:02:52Z
CLI-003,W2,CLOSED,SA-CLI-04,CLI-002;RT-002,,257ae1f4efbaf5822ea6d7c42882e15f2c416b36,2026-09-05T13:30:00Z
CLI-004,W2,NOT_STARTED,SA-CLI-04,CLI-003,,,
CPU-001,W2,CLOSED,SA-CPU-09,BLD-003,0d32c07,,
CPU-002,W2,CLOSED,SA-CPU-B10,CPU-001,c20a94c,,
CPU-003,W2,CLOSED,SA-CPU-A11,CPU-002,d823895,,
CPU-004,W2,CLOSED,SA-CPU-X12,CPU-002,b99fcd80d41f16610ff5a4b26f487a93e46e5aa4,,
CPU-005,W2,CLOSED,SA-CPU-09,CPU-002;CPU-003;CPU-004;RT-004,9096d08dadbbccd7e583fb8c9ce011fa2037fb46,,2026-09-04T05:08:50Z
CPU-006,W3,DISPATCHED,SA-CPU-09,CPU-005;LOG-002,,,
CPU-007,W3,NOT_STARTED,SA-CPU-09,CPU-006,,,
CPU-008,W3,NOT_STARTED,SA-CPU-09,CPU-007;RT-003,,,
CTL-001,W0,CLOSED,FG-000,,no-commit(control validation),,
DATA-001,W1,CLOSED,SA-DATA-06,GOV-001,2df77af,,
DATA-002,W1,CLOSED,SA-DATA-06,DATA-001,c1ee791,,
DATA-003,W2,CLOSED,SA-DATA-06,DATA-002;BLD-002,c1e0233,,
DATA-004,W2,CLOSED,SA-DATA-06,DATA-003,9256587,,
DOC-001,W1,CLOSED,SA-QA-29,GOV-004,2a8676b,,
FG-VERIFY-001,W8,NOT_STARTED,FG-000,AUD-005,,,
GATE-OWNER-001,W8,NOT_STARTED,FG-000,PKG-003,,,
GOV-001,W1,CLOSED,SA-GOV-01,ID-001,065c81deb0a7b6e0c09a4cba5c5c9291e3a5547d,,
GOV-002,W1,CLOSED,SA-GOV-01,GOV-001,b7b2dea,,
GOV-003,W1,CLOSED,SA-GOV-01,GOV-001,39e7731,,
GOV-004,W1,CLOSED,SA-GOV-01,GOV-002,6affe30,,
GOV-005,W1,CLOSED,SA-GOV-01,GOV-002;GOV-003,,,
ID-001,W0,CLOSED,FG-000,CTL-001,c1696156583c68c9a3a65287639c726937e9f6e7,,
ID-002,W0,CLOSED,FG-000,ID-001,c1696156583c68c9a3a65287639c726937e9f6e7,,
ID-003,W0,CLOSED,FG-000,ID-001,c1696156583c68c9a3a65287639c726937e9f6e7,,
IO-001,W2,CLOSED,SA-IO-07,DATA-001,caee3e6,,
IO-002,W2,CLOSED,SA-IO-07,DATA-002,316d417,,
IO-003,W2,CLOSED,SA-IO-07,DATA-004;IO-001;IO-002,442958d,,
LNX-001,W5,CLOSED,FG-000,ID-002,,,
LNX-002,W5,CLOSED,SA-BLD-02,BLD-002;LNX-001,a37aeb5,,
LNX-003,W5,NOT_STARTED,SA-QA-29,QA-001;QA-005,,,
LNX-004,W5,NOT_STARTED,SA-QA-29,QA-003;CPU-005,,,
LNX-005,W5,NOT_STARTED,SA-LOG-08,LOG-002;LNX-004,,,
LNX-006,W5,NOT_STARTED,SA-PKG-31,LNX-003;LNX-004,,,
LOG-001,W1,CLOSED,SA-LOG-08,GOV-001,bbe2e59efe0caabed78aafa491b748ff4e7497fa,,
LOG-002,W2,CLOSED,SA-LOG-08,LOG-001;RT-006,4ca0d0e903f3ec7af5e95cb498ad744d897e2e8e,,2026-09-04T10:09:38Z
LOG-003,W2,CLOSED,SA-LOG-08,RT-006,0b0d269480fd0de16a1b679d4c585e248609ef32,,2026-09-04T13:36:05Z
MON-001,W3,NOT_STARTED,SA-LOG-08,LOG-002;CPU-006,,,
MON-002,W3,NOT_STARTED,SA-LOG-08,MON-001,,,
P1-CAL-DOC,W1,NOT_STARTED,SA-P1-C14,GOV-001;ARC-001;DATA-001;DOC-001,,,
P1-CAL-IMPL,W3,NOT_STARTED,SA-P1-C14,P1-CAL-TEST;ABI-005;RT-004;DATA-003,,,
P1-CAL-INT,W3,NOT_STARTED,SA-P1-C14,P1-CAL-IMPL;IO-003;DATA-004;RT-006;CPU-005,,,
P1-CAL-TEST,W3,NOT_STARTED,SA-P1-C14,P1-CAL-DOC;TST-001,,,
P1-COS-DOC,W1,NOT_STARTED,SA-P1-C14,GOV-001;ARC-001;DATA-001;DOC-001,,,
P1-COS-IMPL,W3,NOT_STARTED,SA-P1-C14,P1-COS-TEST;ABI-005;RT-004;DATA-003,,,
P1-COS-INT,W3,NOT_STARTED,SA-P1-C14,P1-COS-IMPL;P1-CAL-INT,,,
P1-COS-TEST,W3,NOT_STARTED,SA-P1-C14,P1-COS-DOC;TST-001,,,
P1-DRZ-DOC,W1,NOT_STARTED,SA-P1-D18,GOV-001;ARC-001;DATA-001;DOC-001,,,
P1-DRZ-IMPL,W3,NOT_STARTED,SA-P1-D18,P1-DRZ-TEST;ABI-005;RT-004;DATA-003,,,
P1-DRZ-INT,W3,NOT_STARTED,SA-P1-D18,P1-DRZ-IMPL;P1-WCS-INT;P1-NOISE-INT;CPU-005,,,
P1-DRZ-TEST,W3,NOT_STARTED,SA-P1-D18,P1-DRZ-DOC;TST-001,,,
P1-HIPS-DOC,W1,NOT_STARTED,SA-P1-D18,GOV-001;ARC-001;DATA-001;DOC-001,,,
P1-HIPS-IMPL,W3,NOT_STARTED,SA-P1-D18,P1-HIPS-TEST;ABI-005;RT-004;DATA-003,,,
P1-HIPS-INT,W3,NOT_STARTED,SA-P1-D18,P1-HIPS-IMPL;P1-DRZ-INT;IO-003,,,
P1-HIPS-TEST,W3,NOT_STARTED,SA-P1-D18,P1-HIPS-DOC;TST-001,,,
P1-LEGACY-RETIRE,W4,NOT_STARTED,SA-P1-R19,P1-SEAM-001,,,
P1-NOISE-DOC,W1,NOT_STARTED,SA-P1-N17,GOV-001;ARC-001;DATA-001;DOC-001,,,
P1-NOISE-IMPL,W3,NOT_STARTED,SA-P1-N17,P1-NOISE-TEST;ABI-005;RT-004;DATA-003,,,
P1-NOISE-INT,W3,NOT_STARTED,SA-P1-N17,P1-NOISE-IMPL;P1-CAL-INT;P1-PHOT-INT,,,
P1-NOISE-TEST,W3,NOT_STARTED,SA-P1-N17,P1-NOISE-DOC;TST-001,,,
P1-PHOT-DOC,W1,NOT_STARTED,SA-P1-N17,GOV-001;ARC-001;DATA-001;DOC-001,,,
P1-PHOT-IMPL,W3,NOT_STARTED,SA-P1-N17,P1-PHOT-TEST;ABI-005;RT-004;DATA-003,,,
P1-PHOT-INT,W3,NOT_STARTED,SA-P1-N17,P1-PHOT-IMPL;P1-PSF-INT;P1-WCS-INT,,,
P1-PHOT-TEST,W3,NOT_STARTED,SA-P1-N17,P1-PHOT-DOC;TST-001,,,
P1-PSF-DOC,W1,NOT_STARTED,SA-P1-S15,GOV-001;ARC-001;DATA-001;DOC-001,,,
P1-PSF-IMPL,W3,NOT_STARTED,SA-P1-S15,P1-PSF-TEST;ABI-005;RT-004;DATA-003,,,
P1-PSF-INT,W3,NOT_STARTED,SA-P1-S15,P1-PSF-IMPL;P1-STAR-INT,,,
P1-PSF-TEST,W3,NOT_STARTED,SA-P1-S15,P1-PSF-DOC;TST-001,,,
P1-REAL-SAMPLE,W6,NOT_STARTED,SA-WIN-30,P1-SEAM-001,,,
P1-SEAM-001,W3,NOT_STARTED,SA-P1-D18,P1-DRZ-INT;P1-HIPS-INT,,,
P1-SESSION-DOC,W1,NOT_STARTED,SA-P1-R19,GOV-001;ARC-001;DATA-001;DOC-001,,,
P1-SESSION-IMPL,W3,NOT_STARTED,SA-P1-R19,P1-SESSION-TEST;RT-004;DATA-003,,,
P1-SESSION-INT,W3,NOT_STARTED,SA-P1-R19,P1-SESSION-IMPL;P1-HIPS-INT,,,
P1-SESSION-TEST,W3,NOT_STARTED,SA-P1-R19,P1-SESSION-DOC;TST-001,,,
P1-STAR-DOC,W1,NOT_STARTED,SA-P1-S15,GOV-001;ARC-001;DATA-001;DOC-001,,,
P1-STAR-IMPL,W3,NOT_STARTED,SA-P1-S15,P1-STAR-TEST;ABI-005;RT-004;DATA-003,,,
P1-STAR-INT,W3,NOT_STARTED,SA-P1-S15,P1-STAR-IMPL;IO-003;DATA-004;RT-006,,,
P1-STAR-TEST,W3,NOT_STARTED,SA-P1-S15,P1-STAR-DOC;TST-001,,,
P1-WCS-DOC,W1,NOT_STARTED,SA-P1-W16,GOV-001;ARC-001;DATA-001;DOC-001,,,
P1-WCS-IMPL,W3,NOT_STARTED,SA-P1-W16,P1-WCS-TEST;ABI-005;RT-004;DATA-003,,,
P1-WCS-INT,W3,NOT_STARTED,SA-P1-W16,P1-WCS-IMPL;CAT-GAIA-INT;P1-STAR-INT,,,
P1-WCS-TEST,W3,NOT_STARTED,SA-P1-W16,P1-WCS-DOC;TST-001,,,
P2-ASSEMBLY-ACCEPT,W3,NOT_STARTED,SA-P2-X24,P2-SESSION-INT;P2-REJ-ACCEPT;P2-INT-ACCEPT,,,
P2-COV-DOC,W1,NOT_STARTED,SA-P2-S20,GOV-001;ARC-001;DATA-001;DOC-001,,,
P2-COV-IMPL,W3,NOT_STARTED,SA-P2-S20,P2-COV-TEST;ABI-005;RT-004;DATA-003,,,
P2-COV-INT,W3,NOT_STARTED,SA-P2-S20,P2-COV-IMPL;IO-003;DATA-004;RT-006,,,
P2-COV-TEST,W3,NOT_STARTED,SA-P2-S20,P2-COV-DOC;TST-001,,,
P2-HIPS-DOC,W1,NOT_STARTED,SA-P2-I23,GOV-001;ARC-001;DATA-001;DOC-001,,,
P2-HIPS-IMPL,W3,NOT_STARTED,SA-P2-I23,P2-HIPS-TEST;ABI-005;RT-004;DATA-003,,,
P2-HIPS-INT,W3,NOT_STARTED,SA-P2-I23,P2-HIPS-IMPL;P2-INT-INT;IO-003,,,
P2-HIPS-TEST,W3,NOT_STARTED,SA-P2-I23,P2-HIPS-DOC;TST-001,,,
P2-IMPL-COMPLETE-001,W3,NOT_STARTED,SA-P2-X24,P2-NODE-CALL-001,,,
P2-INT-ACCEPT,W3,NOT_STARTED,SA-P2-I23,P2-INT-INT;P2-REJ-INT,,,
P2-INT-DOC,W1,NOT_STARTED,SA-P2-I23,GOV-001;ARC-001;DATA-001;DOC-001,,,
P2-INT-IMPL,W3,NOT_STARTED,SA-P2-I23,P2-INT-TEST;ABI-005;RT-004;DATA-003,,,
P2-INT-INT,W3,NOT_STARTED,SA-P2-I23,P2-INT-IMPL;P2-REJ-INT;P1-NOISE-INT;CPU-005,,,
P2-INT-TEST,W3,NOT_STARTED,SA-P2-I23,P2-INT-DOC;TST-001,,,
P2-LEGACY-RETIRE,W4,NOT_STARTED,SA-P2-X24,P2-ASSEMBLY-ACCEPT,,,
P2-NODE-CALL-001,W3,NOT_STARTED,SA-P2-X24,P2-HIPS-INT;RT-006,,,
P2-PERF-001,W6,NOT_STARTED,SA-WIN-30,P2-PERF-DESIGN;WIN-010;MON-001,,,
P2-PERF-DESIGN,W3,NOT_STARTED,SA-QA-29,P2-IMPL-COMPLETE-001;MON-001,,,
P2-REAL-032R,W6,NOT_STARTED,SA-WIN-30,P2-ASSEMBLY-ACCEPT,,,
P2-REJ-ACCEPT,W3,NOT_STARTED,SA-P2-R22,P2-REJ-INT,,,
P2-REJ-DOC,W1,NOT_STARTED,SA-P2-R22,GOV-001;ARC-001;DATA-001;DOC-001,,,
P2-REJ-IMPL,W3,NOT_STARTED,SA-P2-R22,P2-REJ-TEST;ABI-005;RT-004;DATA-003,,,
P2-REJ-INT,W3,NOT_STARTED,SA-P2-R22,P2-REJ-IMPL;P2-UPM-INT;CPU-005,,,
P2-REJ-TEST,W3,NOT_STARTED,SA-P2-R22,P2-REJ-DOC;TST-001,,,
P2-SAMP-DOC,W1,NOT_STARTED,SA-P2-S20,GOV-001;ARC-001;DATA-001;DOC-001,,,
P2-SAMP-IMPL,W3,NOT_STARTED,SA-P2-S20,P2-SAMP-TEST;ABI-005;RT-004;DATA-003,,,
P2-SAMP-INT,W3,NOT_STARTED,SA-P2-S20,P2-SAMP-IMPL;P2-COV-INT;CPU-005,,,
P2-SAMP-TEST,W3,NOT_STARTED,SA-P2-S20,P2-SAMP-DOC;TST-001,,,
P2-SEAM-001,W3,NOT_STARTED,SA-P2-R22,P2-IMPL-COMPLETE-001,,,
P2-SESSION-DOC,W1,NOT_STARTED,SA-P2-X24,GOV-001;ARC-001;DATA-001;DOC-001,,,
P2-SESSION-IMPL,W3,NOT_STARTED,SA-P2-X24,P2-SESSION-TEST;RT-004;DATA-003,,,
P2-SESSION-INT,W3,NOT_STARTED,SA-P2-X24,P2-SESSION-IMPL;P2-HIPS-INT,,,
P2-SESSION-TEST,W3,NOT_STARTED,SA-P2-X24,P2-SESSION-DOC;TST-001,,,
P2-UPM-DOC,W1,NOT_STARTED,SA-P2-U21,GOV-001;ARC-001;DATA-001;DOC-001,,,
P2-UPM-IMPL,W3,NOT_STARTED,SA-P2-U21,P2-UPM-TEST;ABI-005;RT-004;DATA-003,,,
P2-UPM-INT,W3,NOT_STARTED,SA-P2-U21,P2-UPM-IMPL;P2-SAMP-INT;CPU-005,,,
P2-UPM-TEST,W3,NOT_STARTED,SA-P2-U21,P2-UPM-DOC;TST-001,,,
P3-FITS-DOC,W1,NOT_STARTED,SA-P3-F27,GOV-001;ARC-001;DATA-001;DOC-001,,,
P3-FITS-IMPL,W3,NOT_STARTED,SA-P3-F27,P3-FITS-TEST;ABI-005;RT-004;DATA-003,,,
P3-FITS-INT,W3,NOT_STARTED,SA-P3-F27,P3-FITS-IMPL;P3-RSMP-INT;IO-003,,,
P3-FITS-TEST,W3,NOT_STARTED,SA-P3-F27,P3-FITS-DOC;TST-001,,,
P3-PROJ-DOC,W1,NOT_STARTED,SA-P3-P25,GOV-001;ARC-001;DATA-001;DOC-001,,,
P3-PROJ-IMPL,W3,NOT_STARTED,SA-P3-P25,P3-PROJ-TEST;ABI-005;RT-004;DATA-003,,,
P3-PROJ-INT,W3,NOT_STARTED,SA-P3-P25,P3-PROJ-IMPL;ABI-005;DATA-004;RT-006,,,
P3-PROJ-TEST,W3,NOT_STARTED,SA-P3-P25,P3-PROJ-DOC;TST-001,,,
P3-REAL-SAMPLE,W6,NOT_STARTED,SA-WIN-30,P3-SESSION,,,
P3-RSMP-DOC,W1,NOT_STARTED,SA-P3-S26,GOV-001;ARC-001;DATA-001;DOC-001,,,
P3-RSMP-IMPL,W3,NOT_STARTED,SA-P3-S26,P3-RSMP-TEST;ABI-005;RT-004;DATA-003,,,
P3-RSMP-INT,W3,NOT_STARTED,SA-P3-S26,P3-RSMP-IMPL;P3-PROJ-INT;IO-003;CPU-005,,,
P3-RSMP-TEST,W3,NOT_STARTED,SA-P3-S26,P3-RSMP-DOC;TST-001,,,
P3-SESSION,W3,NOT_STARTED,SA-P3-X28,P3-FITS-INT;RT-002,,,
PKG-001,W8,NOT_STARTED,SA-PKG-31,AUD-004;WIN-014,,,
PKG-002,W8,NOT_STARTED,SA-PKG-31,AUD-005;FG-VERIFY-001,,,
PKG-003,W8,NOT_STARTED,SA-PKG-31,PKG-002,,,
QA-001,W5,NOT_STARTED,SA-QA-29,GOV-004;BLD-002,,,
QA-002,W5,NOT_STARTED,SA-QA-29,QA-001;ABI-004,,,
QA-003,W5,NOT_STARTED,SA-QA-29,DOC-001;QA-001,,,
QA-004,W5,NOT_STARTED,SA-QA-29,RT-004;QA-001,,,
QA-005,W5,NOT_STARTED,SA-QA-29,GOV-005,,,
QA-006,W5,NOT_STARTED,SA-QA-29,LOG-003;QA-001,,,
QA-007,W5,NOT_STARTED,SA-QA-29,QA-002;QA-003,,,
QA-008,W5,NOT_STARTED,SA-QA-29,BLD-002;TST-001,,,
RT-001,W2,CLOSED,SA-RT-05,ARC-001;DATA-001,5d38ebd,,
RT-002,W2,CLOSED,SA-RT-05,RT-001,56ab85b,,
RT-003,W2,CLOSED,SA-RT-05,RT-002,a0e118e,,
RT-004,W2,CLOSED,SA-RT-05,RT-003,deef06d,,
RT-005,W2,CLOSED,SA-RT-05,RT-004;DATA-004,4bb34b680950e25d30aaff1205313d522e2f9b53,,
RT-006,W2,CLOSED,SA-RT-05,RT-005,b2e3b0af087e3d754a3895f960771b645413e9c0,,
RT-007,W2,CLOSED,SA-RT-05,RT-006,e78dac6aee3f6794af2484562c20b78c30a170f7,,2026-09-04T10:53:12Z
TST-001,W1,CLOSED,SA-QA-29,GOV-004,b09e4b2,,
WIN-001,W6,CLOSED,SA-WIN-30,ID-001,2df77af,,
WIN-002,W6,WAITING_RESOURCE,SA-WIN-30,WIN-001;BLD-001,,,
WIN-003,W6,NOT_STARTED,SA-WIN-30,WIN-002;BLD-004,,,
WIN-004,W6,NOT_STARTED,SA-WIN-30,WIN-003;ABI-004,,,
WIN-005,W6,NOT_STARTED,SA-WIN-30,WIN-003;TST-001,,,
WIN-006,W6,NOT_STARTED,SA-WIN-30,WIN-003;CPU-007,,,
WIN-007,W6,NOT_STARTED,SA-WIN-30,WIN-003;MON-001;CPU-008,,,
WIN-008,W6,NOT_STARTED,SA-WIN-30,WIN-004;CLI-003,,,
WIN-009,W6,NOT_STARTED,SA-WIN-30,WIN-008;P1-SEAM-001,,,
WIN-010,W6,NOT_STARTED,SA-WIN-30,WIN-008;P2-SEAM-001,,,
WIN-011,W6,NOT_STARTED,SA-WIN-30,WIN-008;P3-SESSION,,,
WIN-012,W6,NOT_STARTED,SA-WIN-30,WIN-003,,,
WIN-013,W6,NOT_STARTED,SA-WIN-30,WIN-003;WIN-005;WIN-007;WIN-008,,,
WIN-014,W6,NOT_STARTED,SA-WIN-30,WIN-009;WIN-010;WIN-011;WIN-012;WIN-013,,,
